range,cityuf,citycd,pv2,barrelsa08,mfrcode,city08,lv4,rangehwy,co2a,mpgdata,uhighway,highway08,tcharger,startstop,comb08u,year,model,fueltype,displ,highwayuf,highwaye,cylinders,co2,charge240,phevblended,drive,highwaya08u,highwaya08,make,highway08u,phevcomb,fuelcosta08,ucitya,ghgscore,combe,basemodel,phevcity,barrels08,fuelcost08,pv4,fescore,co2tailpipegpm,citya08u,charge240b,comba08u,rangecitya,charge120,co2tailpipeagpm,fueltype1,lv2,id,trany,highwaycd,yousavespend,citya08,ucity,vclass,createdon,city08u,combineduf,modifiedon,rangecity,citye,comb08,eng_dscr,uhighwaya,rangehwya,phevhwy,hpv,engid,hlv,comba08,combinedcd,atvtype,evmotor,fueltype2,rangea
0,0.0,0.0,0,0.0,HYX,28,0,0.0,-1,N,48.0,32,T,N,29.5096,2020,Kona FWD,Regular,1.6,0.0,0.0,4.0,303,0.0,false,Front-Wheel Drive,0.0,0,Hyundai,32.398,0,0,0.0,7,0.0,Kona,0,9.917,1800,0,7,303.0,0.0,0.0,0.0,0.0,0.0,0.0,Regular Gasoline,0,41420,Automatic (AM7),0.0,500,0,34.9,Small Sport Utility Vehicle 2WD,2019-05-10,27.5034,0.0,2019-09-10,0.0,0.0,30,SIDI,0.0,0.0,0,0,25,0,0,0.0,,,,
0,0.0,0.0,0,0.0,HYX,27,19,0.0,-1,N,50.7,35,,N,30.2128,2020,Venue,Regular,1.6,0.0,0.0,4.0,297,0.0,false,Front-Wheel Drive,0.0,0,Hyundai,34.8146,0,0,0.0,7,0.0,Venue,0,9.917,1800,92,7,297.0,0.0,0.0,0.0,0.0,0.0,0.0,Regular Gasoline,0,42096,Manual 6-spd,0.0,500,0,35.6,Midsize Cars,2019-09-25,27.2642,0.0,2020-03-24,0.0,0.0,30,,0.0,0.0,0,0,46,0,0,0.0,,,,
240,0.0,0.0,0,0.0,HYX,151,11,0.0,-1,N,176.3,120,,N,139.012,2024,Ioniq 6 Standard Range RWD,Electricity,,0.0,27.3114,,0,6.1,false,Rear-Wheel Drive,0.0,0,Hyundai,123.41,0,0,0.0,10,24.2461,Ioniq 6,0,0.0576,550,105,10,0.0,0.0,0.0,0.0,0.0,0.0,0.0,Electricity,0,46959,Automatic (A1),0.0,6750,0,221.5,Midsize Cars,2023-07-31,155.05,0.0,2023-07-31,0.0,21.7381,135,,0.0,0.0,0,0,59,0,0,0.0,EV,111 kW PMSM,,
0,0.0,0.0,0,0.0,HYX,25,20,0.0,-1,N,48.4,33,,N,28.2369,2021,Veloster,Regular,2.0,0.0,0.0,4.0,317,0.0,false,Front-Wheel Drive,0.0,0,Hyundai,33.4036,0,0,0.0,6,0.0,Veloster,0,10.625357142857142,1900,90,6,317.0,0.0,0.0,0.0,0.0,0.0,0.0,Regular Gasoline,0,42539,Manual 6-spd,0.0,0,0,32.4,Compact Cars,2020-04-02,25.0648,0.0,2020-08-24,0.0,0.0,28,,0.0,0.0,0,0,7,0,0,0.0,,,,
0,0.0,0.0,0,0.0,HYX,22,0,0.0,-1,N,35.9,25,,N,23.3296,2021,Tucson AWD,Regular,2.0,0.0,0.0,4.0,385,0.0,false,All-Wheel Drive,0.0,0,Hyundai,25.478,0,0,0.0,5,0.0,Tucson,0,12.935217391304349,2350,0,5,385.0,0.0,0.0,0.0,0.0,0.0,0.0,Regular Gasoline,0,42666,Automatic (S6),0.0,-2250,0,27.8,Small Sport Utility Vehicle 4WD,2020-06-02,21.824,0.0,2020-09-24,0.0,0.0,23,SIDI,0.0,0.0,0,0,16,0,0,0.0,,,,
0,0.0,0.0,0,0.0,HYX,45,16,0.0,-1,Y,67.3,51,,Y,47.2269,2021,Sonata Hybrid,Regular,2.0,0.0,0.0,4.0,189,0.0,false,Front-Wheel Drive,0.0,0,Hyundai,50.8517,0,0,0.0,9,0.0,Sonata,0,6.330000000000001,1150,105,9,189.0,0.0,0.0,0.0,0.0,0.0,0.0,Regular Gasoline,0,42788,Automatic (AM-S6),0.0,3750,0,58.5,Large Cars,2020-07-02,44.6244,0.0,2021-04-26,0.0,0.0,47,SIDI; Hybrid,0.0,0.0,0,0,27,0,0,0.0,Hybrid,270V Li-Ion,,
0,0.0,0.0,0,0.0,HYX,27,16,0.0,-1,N,53.6804,37,T,N,30.5065,2022,Sonata,Regular,1.6,0.0,0.0,4.0,293,0.0,false,Front-Wheel Drive,0.0,0,Hyundai,36.6221,0,0,0.0,7,0.0,Sonata,0,9.597096774193549,1750,105,7,293.0,0.0,0.0,0.0,0.0,0.0,0.0,Regular Gasoline,0,43975,Automatic (S8),0.0,750,0,34.9769,Large Cars,2021-06-02,26.8394,0.0,2021-08-24,0.0,0.0,31,SIDI,0.0,0.0,0,0,36,0,0,0.0,,,,
0,0.0,0.0,0,0.0,HYX,19,18,0.0,-1,N,34.8473,25,,N,21.0252,2023,Palisade AWD,Regular,3.8,0.0,0.0,6.0,422,0.0,false,All-Wheel Drive,0.0,0,Hyundai,24.79,0,0,0.0,4,0.0,Palisade,0,14.167142857142858,2550,155,4,422.0,0.0,0.0,0.0,0.0,0.0,0.0,Regular Gasoline,0,45312,Automatic (S8),0.0,-3250,0,23.493,Small Sport Utility Vehicle 4WD,2022-05-03,18.7015,0.0,2023-04-11,0.0,0.0,21,SIDI,0.0,0.0,0,0,19,0,0,0.0,,,,
0,0.0,0.0,0,0.0,HYX,22,0,0.0,-1,Y,40.1,25,,Y,23.5027,2023,Santa Fe AWD,Regular,2.5,0.0,0.0,4.0,378,0.0,false,All-Wheel Drive,0.0,0,Hyundai,25.2363,0,0,0.0,5,0.0,Santa Fe,0,12.39625,2250,0,5,378.0,0.0,0.0,0.0,0.0,0.0,0.0,Regular Gasoline,0,45618,Automatic (S8),0.0,-1750,0,28.4,Small Sport Utility Vehicle 4WD,2022-07-20,22.2521,0.0,2023-04-11,0.0,0.0,24,SIDI & PFI,0.0,0.0,0,0,47,0,0,0.0,,,,
361,0.0,0.0,0,0.0,HYX,153,11,0.0,-1,N,173.9,127,,N,140.0,2023,Ioniq 6 Long range RWD (18 inch Wheels),Electricity,,0.0,27.0,,0,7.5,false,Rear-Wheel Drive,0.0,0,Hyundai,127.0,0,0,0.0,10,23.5724,Ioniq 6,0,0.0576,550,105,10,0.0,0.0,0.0,0.0,0.0,0.0,0.0,Electricity,0,46622,Automatic (A1),0.0,6750,0,208.6,Midsize Cars,2023-05-17,153.0,0.0,2023-05-17,0.0,21.6301,140,,0.0,0.0,0,0,60,0,0,0.0,EV,168 kW PMSM,,
0,0.0,0.0,0,0.0,HYX,30,0,0.0,-1,Y,51.5774,35,,Y,31.8764,2022,Kona FWD,Regular,2.0,0.0,0.0,4.0,281,0.0,false,Front-Wheel Drive,0.0,0,Hyundai,35.3492,0,0,0.0,7,0.0,Kona,0,9.2971875,1700,0,7,281.0,0.0,0.0,0.0,0.0,0.0,0.0,Regular Gasoline,0,43764,Automatic (AV-S1),0.0,1000,0,38.9273,Small Sport Utility Vehicle 2WD,2021-03-11,29.5049,0.0,2021-08-24,0.0,0.0,32,,0.0,0.0,0,0,15,0,0,0.0,,,,
0,0.0,0.0,0,0.0,HYX,20,0,0.0,-1,N,35.8531,27,T,N,22.623,2022,Kona N,Premium,2.0,0.0,0.0,4.0,396,0.0,false,Front-Wheel Drive,0.0,0,Hyundai,26.9266,0,0,0.0,5,0.0,Kona,0,12.935217391304349,2950,0,5,396.0,0.0,0.0,0.0,0.0,0.0,0.0,Premium Gasoline,0,44586,Automatic (AM-S8),0.0,-5250,0,24.1154,Small Sport Utility Vehicle 2WD,2021-10-04,20.0067,0.0,2021-10-18,0.0,0.0,23,SIDI,0.0,0.0,0,0,64,0,0,0.0,,,,
305,0.0,0.0,0,0.0,HYX,129,11,0.0,-1,N,145.0,105,,N,122.7568,2024,Ioniq 6 Long range RWD (20 inch Wheels),Electricity,,0.0,30.6256,,0,7.5,false,Rear-Wheel Drive,0.0,0,Hyundai,110.055,0,0,0.0,10,27.4567,Ioniq 6,0,0.0648,600,105,10,0.0,0.0,0.0,0.0,0.0,0.0,0.0,Electricity,0,46958,Automatic (A1),0.0,6500,0,178.6,Midsize Cars,2023-07-31,135.5574,0.0,2023-07-31,0.0,24.864,117,,0.0,0.0,0,0,61,0,0,0.0,EV,168 kW PMSM,,
200,0.0,0.0,0,0.0,HYX,131,26,0.0,-1,N,150.3,105,,N,118.1279,2024,Kona Electric Standard Range,Electricity,,0.0,32.0359,,0,5.1,false,Front-Wheel Drive,0.0,0,Hyundai,105.21,0,0,0.0,10,28.5326,Kona,0,0.0696,650,101,10,0.0,0.0,0.0,0.0,0.0,0.0,0.0,Electricity,0,47831,Automatic (A1),0.0,6250,0,187.6,Small Sport Utility Vehicle 2WD,2024-05-02,131.32,0.0,2024-05-02,0.0,25.6663,118,,0.0,0.0,0,0,71,0,0,0.0,EV,99 kW PMSM,,
305,0.0,0.0,0,0.0,HYX,129,11,0.0,-1,N,145.0,105,,N,117.0,2023,Ioniq 6 Long range RWD (20 inch Wheels),Electricity,,0.0,32.0,,0,7.5,false,Rear-Wheel Drive,0.0,0,Hyundai,105.0,0,0,0.0,10,29.0,Ioniq 6,0,0.0696,650,105,10,0.0,0.0,0.0,0.0,0.0,0.0,0.0,Electricity,0,46623,Automatic (A1),0.0,6250,0,178.6,Midsize Cars,2023-05-17,129.0,0.0,2023-05-17,0.0,26.0,117,,0.0,0.0,0,0,61,0,0,0.0,EV,168 kW PMSM,,
0,0.0,0.0,0,0.0,HYX,19,0,0.0,-1,N,38.5147,27,T,N,22.2572,2024,Santa Cruz AWD,Regular,2.5,0.0,0.0,4.0,403,0.0,false,All-Wheel Drive,0.0,0,Hyundai,27.1728,0,0,0.0,5,0.0,Santa Cruz,0,13.52318181818182,2450,0,5,403.0,0.0,0.0,0.0,0.0,0.0,0.0,Regular Gasoline,0,46720,Automatic (AM-S8),0.0,-2750,0,24.4292,Small Sport Utility Vehicle 4WD,2023-06-23,19.3876,0.0,2024-03-19,0.0,0.0,22,SIDI & PFI,0.0,0.0,0,0,46,0,0,0.0,,,,
0,0.0,0.0,0,0.0,HYX,38,0,0.0,-1,N,50.9,38,T,Y,37.7332,2024,Tucson Hybrid Blue,Regular,1.6,0.0,0.0,4.0,238,0.0,false,All-Wheel Drive,0.0,0,Hyundai,37.9043,0,0,0.0,7,0.0,Tucson,0,7.82921052631579,1400,0,7,238.0,0.0,0.0,0.0,0.0,0.0,0.0,Regular Gasoline,0,46722,Automatic (AM-S6),0.0,2500,0,49.6,Small Sport Utility Vehicle 4WD,2023-06-23,37.5943,0.0,2023-07-31,0.0,0.0,38,SIDI; Hybrid,0.0,0.0,0,0,54,0,0,0.0,Hybrid,270V Li-Ion,,
0,0.0,0.0,0,0.0,HYX,20,14,0.0,-1,N,37.3501,27,T,N,22.6331,2024,Elantra N,Premium,2.0,0.0,0.0,4.0,392,0.0,false,Front-Wheel Drive,0.0,0,Hyundai,27.2768,0,0,0.0,5,0.0,Elantra,0,12.935217391304349,2950,99,5,392.0,0.0,0.0,0.0,0.0,0.0,0.0,Premium Gasoline,0,47571,Automatic (AM-S8),0.0,-5250,0,24.4978,Midsize Cars,2024-02-21,19.8659,0.0,2024-04-16,0.0,0.0,23,SIDI,0.0,0.0,0,0,65,0,0,0.0,,,,
0,0.0,0.0,0,0.0,HYX,27,0,0.0,-1,N,48.4545,33,,N,29.7575,2020,Kona FWD,Regular,2.0,0.0,0.0,4.0,300,0.0,false,Front-Wheel Drive,0.0,0,Hyundai,33.4372,0,0,0.0,7,0.0,Kona,0,9.917,1800,0,7,300.0,0.0,0.0,0.0,0.0,0.0,0.0,Regular Gasoline,0,41421,Automatic (S6),0.0,500,0,35.6518,Small Sport Utility Vehicle 2WD,2019-05-10,27.2995,0.0,2019-09-10,0.0,0.0,30,SIDI,0.0,0.0,0,0,27,0,0,0.0,,,,
0,0.0,0.0,0,0.0,HYX,33,14,0.0,-1,Y,61.2399,41,,N,36.3244,2021,Accent,Regular,1.6,0.0,0.0,4.0,248,0.0,false,Front-Wheel Drive,0.0,0,Hyundai,41.1029,0,0,0.0,8,0.0,Accent,0,8.264166666666668,1500,90,8,248.0,0.0,0.0,0.0,0.0,0.0,0.0,Regular Gasoline,0,42660,Automatic (AV-S1),0.0,2000,0,44.5212,Compact Cars,2020-06-02,33.1694,0.0,2020-11-10,0.0,0.0,36,,0.0,0.0,0,91,20,22,0,0.0,,,,
0,0.0,0.0,0,0.0,HYX,28,16,0.0,-1,N,56.1,38,,Y,31.7911,2021,Sonata,Regular,2.5,0.0,0.0,4.0,282,0.0,false,Front-Wheel Drive,0.0,0,Hyundai,38.0722,0,0,0.0,7,0.0,Sonata,0,9.2971875,1700,105,7,282.0,0.0,0.0,0.0,0.0,0.0,0.0,Regular Gasoline,0,42797,Automatic (S8),0.0,1000,0,36.7,Large Cars,2020-07-10,28.0101,0.0,2020-09-24,0.0,0.0,32,SIDI & PFI; Stop-Start,0.0,0.0,0,0,39,0,0,0.0,,,,
0,0.0,0.0,0,0.0,HYX,58,0,0.0,-1,N,80.1,60,,Y,59.239,2022,Ioniq Blue,Regular,1.6,0.0,0.0,4.0,151,0.0,false,Front-Wheel Drive,0.0,0,Hyundai,60.2067,0,0,0.0,10,0.0,Ioniq,0,5.042542372881356,900,0,10,151.0,0.0,0.0,0.0,0.0,0.0,0.0,Regular Gasoline,0,44138,Automatic (AM-S6),0.0,5000,0,80.8,Large Cars,2021-07-06,58.47,0.0,2021-12-10,0.0,0.0,59,SIDI; Hybrid,0.0,0.0,0,96,55,27,0,0.0,Hybrid,240V Li-Ion,,
256,0.0,0.0,0,0.0,HYX,110,27,224.1,-1,Y,124.4,87,,N,98.1837,2022,Ioniq 5 AWD (Long Range),Electricity,,0.0,38.7058,,0,8.5,false,All-Wheel Drive,0.0,0,Hyundai,87.08,0,0,0.0,10,34.3285,Ioniq 5,0,0.08159999999999999,750,106,10,0.0,0.0,0.0,0.0,0.0,0.0,0.0,Electricity,0,44922,Automatic (A1),0.0,5750,0,156.6,Large Cars,2021-12-02,109.62,0.0,2022-04-11,282.2,30.7471,98,,0.0,0.0,0,0,69,0,0,0.0,EV,74 and 165 kW PMSM,,
0,0.0,0.0,0,0.0,HYX,19,0,0.0,-1,N,37.4423,26,,N,21.9908,2020,Palisade FWD,Regular,3.8,0.0,0.0,6.0,406,0.0,false,Front-Wheel Drive,0.0,0,Hyundai,26.4801,0,0,0.0,4,0.0,Palisade,0,13.52318181818182,2450,0,4,406.0,0.0,0.0,0.0,0.0,0.0,0.0,Regular Gasoline,0,41388,Automatic (S8),0.0,-2750,0,24.3258,Standard Sport Utility Vehicle 2WD,2019-04-16,19.3121,0.0,2019-07-24,0.0,0.0,22,SIDI,0.0,0.0,0,0,9,0,0,0.0,,,,
0,0.0,0.0,0,0.0,HYX,37,0,0.0,-1,Y,48.0,36,T,Y,36.6123,2022,Tucson Hybrid,Regular,1.6,0.0,0.0,4.0,245,0.0,false,All-Wheel Drive,0.0,0,Hyundai,35.7681,0,0,0.0,8,0.0,Tucson,0,8.040810810810811,1450,0,8,245.0,0.0,0.0,0.0,0.0,0.0,0.0,Regular Gasoline,0,43799,Automatic (AM-S6),0.0,2250,0,50.7,Small Sport Utility Vehicle 4WD,2021-03-17,37.3332,0.0,2021-08-24,0.0,0.0,37,SIDI; Hybrid,0.0,0.0,0,0,5,0,0,0.0,Hybrid,270V Li-Ion,,
0,0.0,0.0,0,0.0,HYX,27,16,0.0,-1,N,54.0,37,,N,30.5776,2022,Sonata,Regular,2.5,0.0,0.0,4.0,293,0.0,false,Front-Wheel Drive,0.0,0,Hyundai,36.8145,0,0,0.0,7,0.0,Sonata,0,9.597096774193549,1750,105,7,293.0,0.0,0.0,0.0,0.0,0.0,0.0,Regular Gasoline,0,43976,Automatic (S8),0.0,750,0,35.0,Large Cars,2021-06-02,26.8552,0.0,2021-08-24,0.0,0.0,31,SIDI & PFI,0.0,0.0,0,0,37,0,0,0.0,,,,
270,0.0,0.0,0,0.0,HYX,111,11,0.0,-1,N,135.6,94,,N,103.0,2023,Ioniq 6 Long range AWD (20 inch Wheels),Electricity,,0.0,35.5088,,0,7.5,false,All-Wheel Drive,0.0,0,Hyundai,94.0,0,0,0.0,10,32.5202,Ioniq 6,0,0.07919999999999999,750,105,10,0.0,0.0,0.0,0.0,0.0,0.0,0.0,Electricity,0,46621,Automatic (A1),0.0,5750,0,160.1,Midsize Cars,2023-05-17,111.0,0.0,2023-05-17,0.0,31.0,103,,0.0,0.0,0,0,63,0,0,0.0,EV,74 and 165 kW PMSM,,
0,0.0,0.0,0,0.0,HYX,37,0,0.0,-1,Y,48.0,36,T,Y,36.6123,2024,Tucson Hybrid,Regular,1.6,0.0,0.0,4.0,245,0.0,false,All-Wheel Drive,0.0,0,Hyundai,35.7681,0,0,0.0,7,0.0,Tucson,0,8.040810810810811,1450,0,7,245.0,0.0,0.0,0.0,0.0,0.0,0.0,Regular Gasoline,0,46721,Automatic (AM-S6),0.0,2250,0,50.7,Small Sport Utility Vehicle 4WD,2023-06-23,37.3332,0.0,2023-07-31,0.0,0.0,37,SIDI; Hybrid,0.0,0.0,0,0,53,0,0,0.0,Hybrid,270V Li-Ion,,
220,0.0,0.0,0,0.0,HYX,127,0,0.0,-1,N,136.5,94,,N,111.3328,2024,Ioniq 5 Standard range RWD,Electricity,,0.0,35.2747,,0,6.3,false,Rear-Wheel Drive,0.0,0,Hyundai,95.55,0,0,0.0,10,30.2741,Ioniq 5,0,0.072,700,0,10,0.0,0.0,0.0,0.0,0.0,0.0,0.0,Electricity,0,46961,Automatic (A1),0.0,6000,0,183.9,Small Sport Utility Vehicle 2WD,2023-07-31,128.73,0.0,2023-07-31,0.0,26.1827,110,,0.0,0.0,0,0,35,0,0,0.0,EV,125 kW PMSM,,
0,0.0,0.0,0,0.0,HYX,25,16,0.0,-1,N,53.2782,36,,N,29.2441,2024,Sonata FWD,Regular,2.5,0.0,0.0,4.0,305,0.0,false,Front-Wheel Drive,0.0,0,Hyundai,36.3795,0,0,0.0,6,0.0,Sonata,0,10.25896551724138,1850,104,6,305.0,0.0,0.0,0.0,0.0,0.0,0.0,Regular Gasoline,0,47357,Automatic (S8),0.0,250,0,32.595,Large Cars,2023-11-06,25.2001,0.0,2024-03-19,0.0,0.0,29,SIDI & PFI,0.0,0.0,0,0,39,0,0,0.0,,,,
380,0.0,0.0,0,0.0,HYX,65,0,0.0,-1,N,84.252,58,,N,61.0,2020,Nexo Blue,Hydrogen,,0.0,56.0,,0,0.0,false,Front-Wheel Drive,0.0,0,Hyundai,58.0,0,0,0.0,10,60.0,Nexo,0,1.629,0,0,10,0.0,0.0,0.0,0.0,0.0,0.0,0.0,Hydrogen,0,47537,Automatic (A1),0.0,9500,0,95.37,Small Sport Utility Vehicle 2WD,2022-03-31,65.0,0.0,2022-03-31,0.0,64.0,61,PEM,0.0,0.0,0,101,49,30,0,0.0,FCV,120 kW IPMSM,,
380,0.0,0.0,0,0.0,HYX,65,0,0.0,-1,N,84.252,58,,N,61.0,2022,Nexo Blue,Hydrogen,,0.0,56.0,,0,0.0,false,Front-Wheel Drive,0.0,0,Hyundai,58.0,0,0,0.0,10,60.0,Nexo,0,1.629,0,0,10,0.0,0.0,0.0,0.0,0.0,0.0,0.0,Hydrogen,0,47545,Automatic (A1),0.0,9500,0,95.37,Small Sport Utility Vehicle 2WD,2022-03-31,65.0,0.0,2022-03-31,0.0,64.0,61,PEM,0.0,0.0,0,101,58,30,0,0.0,FCV,120 kW IPMSM,,
0,0.0,0.0,0,0.0,HYX,33,14,0.0,-1,N,59.7,41,T,N,36.0339,2020,Elantra,Regular,1.4,0.0,0.0,4.0,250,0.0,false,Front-Wheel Drive,0.0,0,Hyundai,40.5934,0,0,0.0,8,0.0,Elantra,0,8.264166666666668,1500,96,8,250.0,0.0,0.0,0.0,0.0,0.0,0.0,Regular Gasoline,0,41406,Automatic (AM7),0.0,2000,0,44.0,Midsize Cars,2019-05-02,33.0012,0.0,2019-07-24,0.0,0.0,36,SIDI,0.0,0.0,0,0,23,0,0,0.0,,,,
0,0.0,0.0,0,0.0,HYX,26,14,0.0,-1,N,48.5,33,T,N,29.1092,2020,Elantra,Regular,1.6,0.0,0.0,4.0,310,0.0,false,Front-Wheel Drive,0.0,0,Hyundai,33.4653,0,0,0.0,6,0.0,Elantra,0,10.25896551724138,1850,96,6,310.0,0.0,0.0,0.0,0.0,0.0,0.0,Regular Gasoline,0,41454,Automatic (AM7),0.0,250,0,34.2,Midsize Cars,2019-06-04,26.3074,0.0,2019-07-24,0.0,0.0,29,SIDI,0.0,0.0,0,0,33,0,0,0.0,,,,
0,0.0,0.0,0,0.0,HYX,21,0,0.0,-1,N,38.602,27,,Y,23.5361,2020,Santa Fe AWD,Regular,2.4,0.0,0.0,4.0,377,0.0,false,All-Wheel Drive,0.0,0,Hyundai,27.229,0,0,0.0,5,0.0,Santa Fe,0,12.39625,2250,0,5,377.0,0.0,0.0,0.0,0.0,0.0,0.0,Regular Gasoline,0,41480,Automatic (S8),0.0,-1750,0,26.9092,Small Sport Utility Vehicle 4WD,2019-06-04,21.1853,0.0,2020-02-05,0.0,0.0,24,SIDI,0.0,0.0,0,0,31,0,0,0.0,,,,
0,0.0,0.0,0,0.0,HYX,22,0,0.0,-1,N,39.7,28,T,Y,24.5416,2022,Santa Fe FWD,Regular,2.5,0.0,0.0,4.0,365,0.0,false,Front-Wheel Drive,0.0,0,Hyundai,27.9345,0,0,0.0,5,0.0,Santa Fe,0,11.900400000000001,2150,0,5,365.0,0.0,0.0,0.0,0.0,0.0,0.0,Regular Gasoline,0,43988,Automatic (AM-S8),0.0,-1250,0,28.5,Small Sport Utility Vehicle 2WD,2021-06-02,22.3233,0.0,2021-12-10,0.0,0.0,25,SIDI & PFI,0.0,0.0,0,0,29,0,0,0.0,,,,
0,0.0,0.0,0,0.0,HYX,33,14,0.0,-1,N,61.1318,41,,N,36.2797,2022,Accent,Regular,1.6,0.0,0.0,4.0,248,0.0,false,Front-Wheel Drive,0.0,0,Hyundai,41.0399,0,0,0.0,7,0.0,Accent,0,8.264166666666668,1500,90,7,248.0,0.0,0.0,0.0,0.0,0.0,0.0,Regular Gasoline,0,44117,Automatic (AV-S1),0.0,2000,0,44.468,Compact Cars,2021-07-06,33.1352,0.0,2021-12-10,0.0,0.0,36,,0.0,0.0,0,91,52,22,0,0.0,,,,
0,0.0,0.0,0,0.0,HYX,23,16,0.0,-1,N,44.6338,33,T,N,26.7248,2023,Sonata,Regular,2.5,0.0,0.0,4.0,335,0.0,false,Front-Wheel Drive,0.0,0,Hyundai,32.5707,0,0,0.0,5,0.0,Sonata,0,11.018888888888888,2000,105,5,335.0,0.0,0.0,0.0,0.0,0.0,0.0,Regular Gasoline,0,45439,Automatic (AM-S8),0.0,-500,0,28.9354,Large Cars,2022-06-29,23.3028,0.0,2023-04-11,0.0,0.0,27,SIDI & PFI,0.0,0.0,0,0,41,0,0,0.0,,,,
0,0.0,0.0,0,0.0,HYX,21,0,0.0,-1,N,39.3,28,T,Y,23.8775,2023,Santa Fe AWD,Regular,2.5,0.0,0.0,4.0,375,0.0,false,All-Wheel Drive,0.0,0,Hyundai,27.6779,0,0,0.0,5,0.0,Santa Fe,0,12.39625,2250,0,5,375.0,0.0,0.0,0.0,0.0,0.0,0.0,Regular Gasoline,0,45619,Automatic (AM-S8),0.0,-1750,0,27.3,Small Sport Utility Vehicle 4WD,2022-07-20,21.4659,0.0,2023-04-11,0.0,0.0,24,SIDI & PFI,0.0,0.0,0,0,49,0,0,0.0,,,,
0,0.0,0.0,0,0.0,HYX,49,14,0.0,-1,N,67.4,52,,Y,50.4802,2024,Elantra Hybrid,Regular,1.6,0.0,0.0,4.0,177,0.0,false,Front-Wheel Drive,0.0,0,Hyundai,52.0663,0,0,0.0,8,0.0,Elantra,0,5.950200000000001,1050,99,8,177.0,0.0,0.0,0.0,0.0,0.0,0.0,Regular Gasoline,0,47349,Automatic (AM-S6),0.0,4250,0,68.3,Midsize Cars,2023-11-06,49.2526,0.0,2024-04-30,0.0,0.0,50,SIDI; Hybrid,0.0,0.0,0,0,27,0,0,0.0,Hybrid,240V Li-Ion,,
0,0.0,0.0,0,0.0,HYX,51,14,0.0,-1,N,71.3,58,,Y,53.6348,2024,Elantra Hybrid Blue,Regular,1.6,0.0,0.0,4.0,165,0.0,false,Front-Wheel Drive,0.0,0,Hyundai,57.789,0,0,0.0,8,0.0,Elantra,0,5.509444444444444,1000,99,8,165.0,0.0,0.0,0.0,0.0,0.0,0.0,Regular Gasoline,0,47350,Automatic (AM-S6),0.0,4500,0,67.8,Midsize Cars,2023-11-06,50.6555,0.0,2024-04-30,0.0,0.0,54,SIDI; Hybrid,0.0,0.0,0,0,28,0,0,0.0,Hybrid,240V Li-Ion,,
0,0.0,0.0,0,0.0,HYX,26,20,0.0,-1,N,47.2,33,T,N,28.9551,2020,Veloster,Regular,1.6,0.0,0.0,4.0,308,0.0,false,Front-Wheel Drive,0.0,0,Hyundai,33.2918,0,0,0.0,6,0.0,Veloster,0,10.25896551724138,1850,90,6,308.0,0.0,0.0,0.0,0.0,0.0,0.0,Regular Gasoline,0,41384,Manual 6-spd,0.0,250,0,32.1,Compact Cars,2019-04-16,26.1663,0.0,2019-09-10,0.0,0.0,29,SIDI,0.0,0.0,0,0,17,0,0,0.0,,,,
170,0.0,0.0,0,0.0,HYX,145,23,153.3,-1,N,172.4,121,,N,132.768,2020,Ioniq Electric,Electricity,,0.0,27.9292,,0,5.8,false,Front-Wheel Drive,0.0,0,Hyundai,120.68,0,0,0.0,10,25.3864,Ioniq,0,0.06,550,96,10,0.0,0.0,0.0,0.0,0.0,0.0,0.0,Electricity,0,42273,Automatic (A1),0.0,6750,0,206.6,Midsize Cars,2019-11-05,144.62,0.0,2023-10-19,183.8,23.3059,133,,0.0,0.0,0,0,53,0,0,0.0,EV,100 kW AC PMSM,,
0,0.0,0.0,0,0.0,HYX,27,20,0.0,-1,N,49.3787,34,,N,29.847,2021,Veloster,Regular,2.0,0.0,0.0,4.0,299,0.0,false,Front-Wheel Drive,0.0,0,Hyundai,34.0058,0,0,0.0,6,0.0,Veloster,0,9.917,1800,90,6,299.0,0.0,0.0,0.0,0.0,0.0,0.0,Regular Gasoline,0,42538,Automatic (S6),0.0,500,0,35.4059,Compact Cars,2020-04-02,27.1321,0.0,2020-08-24,0.0,0.0,30,,0.0,0.0,0,0,6,0,0,0.0,,,,
0,0.0,0.0,0,0.0,HYX,20,14,0.0,-1,N,38.6752,30,T,N,23.0489,2022,Elantra N,Premium,2.0,0.0,0.0,4.0,388,0.0,false,Front-Wheel Drive,0.0,0,Hyundai,29.6202,0,0,0.0,5,0.0,Elantra,0,12.935217391304349,2950,99,5,388.0,0.0,0.0,0.0,0.0,0.0,0.0,Premium Gasoline,0,44470,Automatic (AM-S8),0.0,-5250,0,23.6938,Midsize Cars,2021-09-14,19.5079,0.0,2021-12-10,0.0,0.0,23,SIDI,0.0,0.0,0,0,65,0,0,0.0,,,,
0,0.0,0.0,0,0.0,HYX,30,14,0.0,-1,Y,59.2671,40,,N,33.9095,2023,Elantra,Regular,2.0,0.0,0.0,4.0,263,0.0,false,Front-Wheel Drive,0.0,0,Hyundai,39.723,0,0,0.0,7,0.0,Elantra,0,8.750294117647059,1600,99,7,263.0,0.0,0.0,0.0,0.0,0.0,0.0,Regular Gasoline,0,45294,Automatic (AV-S1),0.0,1500,0,38.3118,Midsize Cars,2022-05-03,30.2833,0.0,2023-04-11,0.0,0.0,34,,0.0,0.0,0,0,24,0,0,0.0,,,,
0,0.0,0.0,0,0.0,HYX,49,14,0.0,-1,Y,67.4,52,,Y,50.4802,2023,Elantra Hybrid,Regular,1.6,0.0,0.0,4.0,177,0.0,false,Front-Wheel Drive,0.0,0,Hyundai,52.0663,0,0,0.0,8,0.0,Elantra,0,5.950200000000001,1050,99,8,177.0,0.0,0.0,0.0,0.0,0.0,0.0,Regular Gasoline,0,45297,Automatic (AM-S6),0.0,4250,0,68.3,Midsize Cars,2022-05-03,49.2526,0.0,2023-04-11,0.0,0.0,50,SIDI; Hybrid,0.0,0.0,0,0,27,0,0,0.0,Hybrid,240V Li-Ion,,
0,0.0,0.0,0,0.0,HYX,33,0,0.0,-1,Y,42.5,30,T,Y,31.621,2023,Santa Fe Hybrid,Regular,1.6,0.0,0.0,4.0,283,0.0,false,All-Wheel Drive,0.0,0,Hyundai,29.8515,0,0,0.0,6,0.0,Santa Fe,0,9.2971875,1700,0,6,283.0,0.0,0.0,0.0,0.0,0.0,0.0,Regular Gasoline,0,45313,Automatic (AM-S6),0.0,1000,0,44.0,Small Sport Utility Vehicle 4WD,2022-05-03,33.2328,0.0,2023-04-11,0.0,0.0,32,SIDI; Hybrid,0.0,0.0,0,0,21,0,0,0.0,Hybrid,270V Li-Ion,,
240,0.0,0.0,0,0.0,HYX,151,11,0.0,-1,N,176.3,120,,N,135.0,2023,Ioniq 6 Standard Range RWD,Electricity,,0.0,28.0,,0,6.1,false,Rear-Wheel Drive,0.0,0,Hyundai,120.0,0,0,0.0,10,25.0,Ioniq 6,0,0.06,550,105,10,0.0,0.0,0.0,0.0,0.0,0.0,0.0,Electricity,0,46624,Automatic (A1),0.0,6750,0,221.5,Midsize Cars,2023-05-17,151.0,0.0,2023-05-17,0.0,21.7381,135,,0.0,0.0,0,0,59,0,0,0.0,EV,111 kW PMSM,,
380,0.0,0.0,0,0.0,HYX,65,0,0.0,-1,N,84.252,58,,N,61.0,2021,Nexo Blue,Hydrogen,,0.0,56.0,,0,0.0,false,Front-Wheel Drive,0.0,0,Hyundai,58.0,0,0,0.0,10,60.0,Nexo,0,1.629,0,0,10,0.0,0.0,0.0,0.0,0.0,0.0,0.0,Hydrogen,0,47541,Automatic (A1),0.0,9500,0,95.37,Small Sport Utility Vehicle 2WD,2022-03-31,65.0,0.0,2022-03-31,0.0,64.0,61,PEM,0.0,0.0,0,101,23,30,0,0.0,FCV,120 kW IPMSM,,
0,0.0,0.0,0,0.0,HYX,26,0,0.0,-1,N,42.8,29,T,N,27.473,2021,Kona AWD,Regular,1.6,0.0,0.0,4.0,324,0.0,false,All-Wheel Drive,0.0,0,Hyundai,29.4201,0,0,0.0,6,0.0,Kona,0,11.018888888888888,2000,0,6,324.0,0.0,0.0,0.0,0.0,0.0,0.0,Regular Gasoline,0,42601,Automatic (AM7),0.0,-500,0,33.4,Small Sport Utility Vehicle 4WD,2020-05-05,26.0618,0.0,2020-09-24,0.0,0.0,27,SIDI,0.0,0.0,0,0,10,0,0,0.0,,,,
0,0.0,0.0,0,0.0,HYX,22,0,0.0,-1,N,39.7,28,T,Y,24.5416,2021,Santa Fe FWD,Regular,2.5,0.0,0.0,4.0,365,0.0,false,Front-Wheel Drive,0.0,0,Hyundai,27.9345,0,0,0.0,5,0.0,Santa Fe,0,11.900400000000001,2150,0,5,365.0,0.0,0.0,0.0,0.0,0.0,0.0,Regular Gasoline,0,43421,Automatic (AM-S8),0.0,-1250,0,28.5,Small Sport Utility Vehicle 2WD,2020-11-02,22.3233,0.0,2021-04-26,0.0,0.0,25,SIDI & PFI,0.0,0.0,0,0,50,0,0,0.0,,,,
0,0.0,0.0,0,0.0,HYX,49,14,0.0,-1,N,67.4,52,,Y,50.4802,2021,Elantra Hybrid,Regular,1.6,0.0,0.0,4.0,177,0.0,false,Front-Wheel Drive,0.0,0,Hyundai,52.0663,0,0,0.0,9,0.0,Elantra,0,5.950200000000001,1050,99,9,177.0,0.0,0.0,0.0,0.0,0.0,0.0,Regular Gasoline,0,43612,Automatic (AM-S6),0.0,4250,0,68.3,Midsize Cars,2020-12-16,49.2526,0.0,2021-02-02,0.0,0.0,50,SIDI; Hybrid,0.0,0.0,0,0,60,0,0,0.0,Hybrid,240V Li-Ion,,
170,0.0,0.0,0,0.0,HYX,145,23,153.3,-1,Y,172.4,121,,N,132.768,2021,Ioniq Electric,Electricity,,0.0,27.9292,,0,5.8,false,Front-Wheel Drive,0.0,0,Hyundai,120.68,0,0,0.0,10,25.3864,Ioniq,0,0.06,550,96,10,0.0,0.0,0.0,0.0,0.0,0.0,0.0,Electricity,0,43879,Automatic (A1),0.0,6750,0,206.6,Midsize Cars,2021-04-06,144.62,0.0,2022-02-02,183.8,23.3059,133,,0.0,0.0,0,0,54,0,0,0.0,EV,100 kW AC PMSM,,
220,0.0,0.0,0,0.0,HYX,127,27,184.7,-1,N,136.5,94,,N,110.0,2022,Ioniq 5 RWD (Standard Range),Electricity,,0.0,35.2747,,0,6.3,false,Rear-Wheel Drive,0.0,0,Hyundai,94.0,0,0,0.0,10,31.0,Ioniq 5,0,0.0744,700,106,10,0.0,0.0,0.0,0.0,0.0,0.0,0.0,Electricity,0,44924,Automatic (A1),0.0,6000,0,183.9,Large Cars,2021-12-02,127.0,0.0,2022-04-11,248.9,26.1827,110,,0.0,0.0,0,0,67,0,0,0.0,EV,125 kW PMSM,,
0,0.0,0.0,0,0.0,HYX,19,18,0.0,-1,N,37.6,27,,N,21.8918,2023,Palisade FWD,Regular,3.8,0.0,0.0,6.0,406,0.0,false,Front-Wheel Drive,0.0,0,Hyundai,26.5822,0,0,0.0,5,0.0,Palisade,0,13.52318181818182,2450,155,5,406.0,0.0,0.0,0.0,0.0,0.0,0.0,Regular Gasoline,0,45309,Automatic (S8),0.0,-2750,0,24.077,Small Sport Utility Vehicle 2WD,2022-05-03,19.13,0.0,2023-04-11,0.0,0.0,22,SIDI,0.0,0.0,0,0,20,0,0,0.0,,,,
0,0.0,0.0,0,0.0,HYX,23,0,0.0,-1,N,40.8672,29,,N,25.4442,2024,Tucson AWD,Regular,2.5,0.0,0.0,4.0,349,0.0,false,All-Wheel Drive,0.0,0,Hyundai,28.6806,0,0,0.0,5,0.0,Tucson,0,11.900400000000001,2150,0,5,349.0,0.0,0.0,0.0,0.0,0.0,0.0,Regular Gasoline,0,46723,Automatic (S8),0.0,-1250,0,29.8692,Small Sport Utility Vehicle 4WD,2023-06-23,23.2935,0.0,2023-07-31,0.0,0.0,25,SIDI & PFI,0.0,0.0,0,0,57,0,0,0.0,,,,
354,0.0,0.0,0,0.0,HYX,59,0,0.0,-1,N,78.438,54,,N,57.0,2020,Nexo,Hydrogen,,0.0,53.0,,0,0.0,false,Front-Wheel Drive,0.0,0,Hyundai,54.0,0,0,0.0,10,56.0,Nexo,0,1.5204,0,0,10,0.0,0.0,0.0,0.0,0.0,0.0,0.0,Hydrogen,0,47536,Automatic (A1),0.0,9500,0,86.394,Small Sport Utility Vehicle 2WD,2022-03-31,59.0,0.0,2022-03-31,0.0,58.0,57,PEM,0.0,0.0,0,101,48,30,0,0.0,FCV,120 kW IPMSM,,
0,0.0,0.0,0,0.0,HYX,19,18,0.0,-1,,37.4257,26,,Y,22.0218,2025,Palisade FWD,Regular,3.8,0.0,0.0,6.0,403,0.0,false,Front-Wheel Drive,0.0,0,Hyundai,26.4694,0,0,0.0,5,0.0,Palisade,0,13.52318181818182,2450,155,5,403.0,0.0,0.0,0.0,0.0,0.0,0.0,Regular Gasoline,0,47951,Automatic (S8),0.0,-2750,0,24.3916,Small Sport Utility Vehicle 2WD,2024-05-29,19.3602,0.0,2024-05-29,0.0,0.0,22,SIDI,0.0,0.0,0,0,20,0,0,0.0,,,,
0,0.0,0.0,0,0.0,HYX,21,0,0.0,-1,N,36.5984,26,,N,23.2574,2020,Tucson AWD,Regular,2.4,0.0,0.0,4.0,387,0.0,false,All-Wheel Drive,0.0,0,Hyundai,25.9327,0,0,0.0,5,0.0,Tucson,0,12.935217391304349,2350,0,5,387.0,0.0,0.0,0.0,0.0,0.0,0.0,Regular Gasoline,0,41444,Automatic (S6),0.0,-2250,0,27.2738,Small Sport Utility Vehicle 4WD,2019-05-28,21.4471,0.0,2019-11-27,0.0,0.0,23,SIDI,0.0,0.0,0,0,36,0,0,0.0,,,,
0,0.0,0.0,0,0.0,HYX,30,19,0.0,-1,N,51.0477,34,,N,31.5397,2020,Venue,Regular,1.6,0.0,0.0,4.0,284,0.0,false,Front-Wheel Drive,0.0,0,Hyundai,34.1141,0,0,0.0,7,0.0,Venue,0,9.2971875,1700,92,7,284.0,0.0,0.0,0.0,0.0,0.0,0.0,Regular Gasoline,0,42095,Automatic (variable gear ratios),0.0,1000,0,38.1359,Midsize Cars,2019-09-25,29.7056,0.0,2020-03-24,0.0,0.0,32,,0.0,0.0,0,0,45,0,0,0.0,,,,
0,0.0,0.0,0,0.0,HYX,21,0,0.0,-1,N,36.545,26,,N,23.2262,2021,Tucson AWD,Regular,2.4,0.0,0.0,4.0,387,0.0,false,All-Wheel Drive,0.0,0,Hyundai,25.898,0,0,0.0,5,0.0,Tucson,0,12.935217391304349,2350,0,5,387.0,0.0,0.0,0.0,0.0,0.0,0.0,Regular Gasoline,0,42667,Automatic (S6),0.0,-2250,0,27.2337,Small Sport Utility Vehicle 4WD,2020-06-02,21.4183,0.0,2020-09-24,0.0,0.0,23,SIDI,0.0,0.0,0,0,18,0,0,0.0,,,,
0,0.0,0.0,0,0.0,HYX,25,0,0.0,-1,N,44.6,28,,Y,25.9029,2021,Santa Fe FWD,Regular,2.5,0.0,0.0,4.0,344,0.0,false,Front-Wheel Drive,0.0,0,Hyundai,27.7302,0,0,0.0,5,0.0,Santa Fe,0,11.442692307692308,2050,0,5,344.0,0.0,0.0,0.0,0.0,0.0,0.0,Regular Gasoline,0,43420,Automatic (S8),0.0,-750,0,31.7,Small Sport Utility Vehicle 2WD,2020-11-02,24.5777,0.0,2021-04-26,0.0,0.0,26,SIDI & PFI,0.0,0.0,0,0,48,0,0,0.0,,,,
0,0.0,0.0,0,0.0,HYX,33,0,0.0,-1,N,42.5,30,T,Y,31.621,2021,Santa Fe Hybrid,Regular,1.6,0.0,0.0,4.0,283,0.0,false,All-Wheel Drive,0.0,0,Hyundai,29.8515,0,0,0.0,7,0.0,Santa Fe,0,9.2971875,1700,0,7,283.0,0.0,0.0,0.0,0.0,0.0,0.0,Regular Gasoline,0,43652,Automatic (AM-S6),0.0,1000,0,44.0,Small Sport Utility Vehicle 4WD,2021-01-12,33.2328,0.0,2021-08-24,0.0,0.0,32,SIDI; Hybrid,0.0,0.0,0,0,58,0,0,0.0,Hybrid,270V Li-Ion,,
0,0.0,0.0,0,0.0,HYX,26,0,0.0,-1,Y,47.269,33,,Y,28.5185,2022,Tucson FWD,Regular,2.5,0.0,0.0,4.0,314,0.0,false,Front-Wheel Drive,0.0,0,Hyundai,32.7045,0,0,0.0,6,0.0,Tucson,0,10.25896551724138,1850,0,6,314.0,0.0,0.0,0.0,0.0,0.0,0.0,Regular Gasoline,0,43704,Automatic (S8),0.0,250,0,33.4844,Small Sport Utility Vehicle 2WD,2021-02-02,25.8151,0.0,2021-08-24,0.0,0.0,29,SIDI & PFI,0.0,0.0,0,0,4,0,0,0.0,,,,
0,0.0,0.0,0,0.0,HYX,27,0,0.0,-1,N,45.7486,32,T,Y,28.8601,2023,Kona AWD,Regular,1.6,0.0,0.0,4.0,311,0.0,false,All-Wheel Drive,0.0,0,Hyundai,31.7592,0,0,0.0,6,0.0,Kona,0,10.25896551724138,1850,0,6,311.0,0.0,0.0,0.0,0.0,0.0,0.0,Regular Gasoline,0,45324,Automatic (AM-S7),0.0,250,0,34.9989,Small Sport Utility Vehicle 4WD,2022-05-17,26.8545,0.0,2023-04-11,0.0,0.0,29,SIDI,0.0,0.0,0,0,29,0,0,0.0,,,,
0,0.0,0.0,0,0.0,HYX,20,14,0.0,-1,N,38.6752,30,T,N,23.0489,2023,Elantra N,Premium,2.0,0.0,0.0,4.0,388,0.0,false,Front-Wheel Drive,0.0,0,Hyundai,29.6202,0,0,0.0,5,0.0,Elantra,0,12.935217391304349,2950,99,5,388.0,0.0,0.0,0.0,0.0,0.0,0.0,Premium Gasoline,0,45933,Automatic (AM-S8),0.0,-5250,0,23.6938,Midsize Cars,2022-10-03,19.5079,0.0,2023-04-11,0.0,0.0,23,SIDI,0.0,0.0,0,0,65,0,0,0.0,,,,
0,0.636,0.0,0,3.718875,HYX,35,0,0.0,-1,N,45.9,35,T,Y,35.0164,2023,Tucson Plug-in Hybrid,Regular Gas and Electricity,1.6,0.583,46.0,4.0,100,1.7,true,All-Wheel Drive,73.8934,74,Hyundai,35.3739,53,0,124.0,10,42.0,Tucson,56,3.3585405342857144,1550,0,9,100.0,86.8074,0.0,80.4782,35.03,0.0,0.0,Regular Gasoline,0,46251,Automatic (AM-S6),0.0,3750,87,47.9,Small Sport Utility Vehicle 4WD,2022-12-05,34.7293,0.616,2023-05-17,0.0,39.0,35,,105.6,29.72,50,0,64,0,80,0.0,Plug-in Hybrid,67 kW AC PMSM,Electricity,33
270,0.0,0.0,0,0.0,HYX,111,11,0.0,-1,N,135.6,94,,N,103.6433,2024,Ioniq 6 Long range AWD (20 inch Wheels),Electricity,,0.0,35.5088,,0,7.5,false,All-Wheel Drive,0.0,0,Hyundai,94.92,0,0,0.0,10,32.5202,Ioniq 6,0,0.07919999999999999,750,105,10,0.0,0.0,0.0,0.0,0.0,0.0,0.0,Electricity,0,46956,Automatic (A1),0.0,5750,0,160.1,Midsize Cars,2023-07-31,112.07,0.0,2023-07-31,0.0,30.075,103,,0.0,0.0,0,0,63,0,0,0.0,EV,165 kW PMSM,,
0,0.0,0.0,0,0.0,HYX,24,0,0.0,-1,N,42.6053,30,,N,26.2347,2025,Tucson AWD,Regular,2.5,0.0,0.0,4.0,339,0.0,false,All-Wheel Drive,0.0,0,Hyundai,29.7845,0,0,0.0,5,0.0,Tucson,0,11.442692307692308,2050,0,5,339.0,0.0,0.0,0.0,0.0,0.0,0.0,Regular Gasoline,0,47793,Automatic (S8),0.0,-750,0,30.7366,Small Sport Utility Vehicle 4WD,2024-04-16,23.9038,0.0,2024-04-16,0.0,0.0,26,SIDI & PFI,0.0,0.0,0,0,57,0,0,0.0,,,,
0,0.0,0.0,0,0.0,HYX,19,18,0.0,-1,,34.0488,24,,Y,21.2429,2025,Palisade AWD,Regular,3.8,0.0,0.0,6.0,420,0.0,false,All-Wheel Drive,0.0,0,Hyundai,24.266,0,0,0.0,4,0.0,Palisade,0,14.167142857142858,2550,155,4,420.0,0.0,0.0,0.0,0.0,0.0,0.0,Regular Gasoline,0,47958,Automatic (S8),0.0,-3250,0,24.2791,Small Sport Utility Vehicle 4WD,2024-05-29,19.2779,0.0,2024-05-29,0.0,0.0,21,SIDI,0.0,0.0,0,0,19,0,0,0.0,,,,
0,0.0,0.0,0,0.0,HYX,27,20,0.0,-1,N,49.2287,34,,N,29.749,2020,Veloster,Regular,2.0,0.0,0.0,4.0,300,0.0,false,Front-Wheel Drive,0.0,0,Hyundai,33.9137,0,0,0.0,7,0.0,Veloster,0,9.917,1800,90,7,300.0,0.0,0.0,0.0,0.0,0.0,0.0,Regular Gasoline,0,41381,Automatic (S6),0.0,500,0,35.2604,Compact Cars,2019-04-16,27.0329,0.0,2019-09-10,0.0,0.0,30,,0.0,0.0,0,0,14,0,0,0.0,,,,
0,0.0,0.0,0,0.0,HYX,25,0,0.0,-1,N,46.4,32,T,N,27.6399,2020,Elantra GT,Regular,1.6,0.0,0.0,4.0,322,0.0,false,Front-Wheel Drive,0.0,0,Hyundai,32.165,0,0,0.0,6,0.0,Elantra,0,10.625357142857142,1900,0,6,322.0,0.0,0.0,0.0,0.0,0.0,0.0,Regular Gasoline,0,41560,Automatic (AM-S7),0.0,0,0,32.0,Large Cars,2019-07-08,24.7868,0.0,2019-07-24,0.0,0.0,28,SIDI,0.0,0.0,0,97,39,25,0,0.0,,,,
0,0.636,0.0,0,3.718875,HYX,35,0,0.0,-1,Y,45.9,35,T,Y,35.0164,2022,Tucson Plug-in Hybrid,Regular Gas and Electricity,1.6,0.583,46.0,4.0,100,1.7,true,All-Wheel Drive,73.8934,74,Hyundai,35.3739,53,0,124.0,10,42.0,Tucson,56,3.3585405342857144,1550,0,9,100.0,86.8074,0.0,80.4782,35.03,0.0,0.0,Regular Gasoline,0,44360,Automatic (AM-S6),0.0,3750,87,47.9,Small Sport Utility Vehicle 4WD,2021-08-10,34.7293,0.616,2023-05-17,0.0,39.0,35,SIDI; PHEV,105.6,29.72,50,0,60,0,80,0.0,Plug-in Hybrid,67 kW AC PMSM,Electricity,33
0,0.0,0.0,0,0.0,HYX,37,0,0.0,-1,Y,48.0,36,T,Y,36.6123,2023,Tucson Hybrid,Regular,1.6,0.0,0.0,4.0,245,0.0,false,All-Wheel Drive,0.0,0,Hyundai,35.7681,0,0,0.0,7,0.0,Tucson,0,8.040810810810811,1450,0,7,245.0,0.0,0.0,0.0,0.0,0.0,0.0,Regular Gasoline,0,45686,Automatic (AM-S6),0.0,2250,0,50.7,Small Sport Utility Vehicle 4WD,2022-08-02,37.3332,0.0,2023-04-11,0.0,0.0,37,SIDI; Hybrid,0.0,0.0,0,0,53,0,0,0.0,Hybrid,270V Li-Ion,,
0,0.0,0.0,0,0.0,HYX,38,0,0.0,-1,N,50.9,38,T,Y,37.7332,2023,Tucson Hybrid Blue,Regular,1.6,0.0,0.0,4.0,238,0.0,false,All-Wheel Drive,0.0,0,Hyundai,37.9043,0,0,0.0,7,0.0,Tucson,0,7.82921052631579,1400,0,7,238.0,0.0,0.0,0.0,0.0,0.0,0.0,Regular Gasoline,0,45687,Automatic (AM-S6),0.0,2500,0,49.6,Small Sport Utility Vehicle 4WD,2022-08-02,37.5943,0.0,2023-04-11,0.0,0.0,38,SIDI; Hybrid,0.0,0.0,0,0,54,0,0,0.0,Hybrid,270V Li-Ion,,
0,0.0,0.0,0,0.0,HYX,25,0,0.0,-1,N,47.0976,33,,Y,27.6251,2025,Tucson FWD,Regular,2.5,0.0,0.0,4.0,322,0.0,false,Front-Wheel Drive,0.0,0,Hyundai,32.5983,0,0,0.0,6,0.0,Tucson,0,10.625357142857142,1900,0,6,322.0,0.0,0.0,0.0,0.0,0.0,0.0,Regular Gasoline,0,47789,Automatic (S8),0.0,0,0,31.674,Small Sport Utility Vehicle 2WD,2024-04-16,24.5596,0.0,2024-04-16,0.0,0.0,28,SIDI & PFI,0.0,0.0,0,0,58,0,0,0.0,,,,
0,0.589,0.0,0,2.5000840336134456,HYX,53,0,0.0,-1,Y,72.3,52,,Y,52.3231,2020,Ioniq Plug-in Hybrid,Regular Gas and Electricity,1.6,0.55,30.0,4.0,74,2.3,true,Front-Wheel Drive,113.9593,114,Hyundai,51.5769,76,0,175.7,10,28.0,Ioniq,78,2.4662927731349784,1050,0,10,74.0,123.0142,0.0,118.7676,30.25,0.0,0.0,Regular Gasoline,0,42290,Automatic (AM6),0.0,5500,123,71.6,Midsize Cars,2019-11-05,52.9498,0.572,2022-03-25,0.0,27.0,52,SIDI; PHEV,0.0,26.87,74,96,52,23,119,0.0,Plug-in Hybrid,45kW IPMSM,Electricity,29
0,0.0,0.0,0,0.0,HYX,25,14,0.0,-1,Y,48.8,34,T,N,28.1689,2021,Elantra,Regular,1.6,0.0,0.0,4.0,318,0.0,false,Front-Wheel Drive,0.0,0,Hyundai,33.65,0,0,0.0,6,0.0,Elantra,0,10.625357142857142,1900,99,6,318.0,0.0,0.0,0.0,0.0,0.0,0.0,Regular Gasoline,0,43447,Manual 6-spd,0.0,0,0,32.1,Midsize Cars,2020-11-10,24.8563,0.0,2021-04-26,0.0,0.0,28,SIDI,0.0,0.0,0,0,52,0,0,0.0,,,,
0,0.0,0.0,0,0.0,HYX,19,18,0.0,-1,N,34.3,24,,N,21.1618,2022,Palisade AWD,Regular,3.8,0.0,0.0,6.0,426,0.0,false,All-Wheel Drive,0.0,0,Hyundai,24.431,0,0,0.0,4,0.0,Palisade,0,14.167142857142858,2550,155,4,426.0,0.0,0.0,0.0,0.0,0.0,0.0,Regular Gasoline,0,43964,Automatic (S8),0.0,-3250,0,24.0,Standard Sport Utility Vehicle 4WD,2021-05-18,19.0736,0.0,2021-12-10,0.0,0.0,21,SIDI,0.0,0.0,0,0,24,0,0,0.0,,,,
0,0.0,0.0,0,0.0,HYX,31,14,0.0,-1,Y,60.8805,41,,N,34.6026,2022,Elantra,Regular,2.0,0.0,0.0,4.0,257,0.0,false,Front-Wheel Drive,0.0,0,Hyundai,40.8112,0,0,0.0,7,0.0,Elantra,0,8.500285714285715,1550,99,7,257.0,0.0,0.0,0.0,0.0,0.0,0.0,Regular Gasoline,0,43969,Automatic (AV-S1),0.0,1750,0,39.1628,Midsize Cars,2021-06-02,30.7723,0.0,2021-12-10,0.0,0.0,35,,0.0,0.0,0,0,40,0,0,0.0,,,,
0,0.0,0.0,0,0.0,HYX,19,0,0.0,-1,Y,38.4543,27,T,N,22.2375,2022,Santa Cruz AWD,Regular,2.5,0.0,0.0,4.0,403,0.0,false,All-Wheel Drive,0.0,0,Hyundai,27.1338,0,0,0.0,5,0.0,Santa Cruz,0,13.52318181818182,2450,0,5,403.0,0.0,0.0,0.0,0.0,0.0,0.0,Regular Gasoline,0,43984,Automatic (AM-S8),0.0,-2750,0,24.4142,Small Sport Utility Vehicle 4WD,2021-06-02,19.3767,0.0,2022-12-05,0.0,0.0,22,SIDI & PFI,0.0,0.0,0,0,48,0,0,0.0,,,,
0,0.0,0.0,0,0.0,HYX,36,0,0.0,-1,N,45.0,31,T,Y,33.9461,2023,Santa Fe Hybrid Blue,Regular,1.6,0.0,0.0,4.0,264,0.0,false,All-Wheel Drive,0.0,0,Hyundai,31.4672,0,0,0.0,7,0.0,Santa Fe,0,8.750294117647059,1600,0,7,264.0,0.0,0.0,0.0,0.0,0.0,0.0,Regular Gasoline,0,45314,Automatic (AM-S6),0.0,1500,0,48.0,Small Sport Utility Vehicle 4WD,2022-05-03,36.2848,0.0,2023-04-11,0.0,0.0,34,SIDI; Hybrid,0.0,0.0,0,0,22,0,0,0.0,Hybrid,270V Li-Ion,,
0,0.0,0.0,0,0.0,HYX,20,0,0.0,-1,Y,36.0,26,T,Y,21.9071,2020,Santa Fe AWD,Regular,2.0,0.0,0.0,4.0,411,0.0,false,All-Wheel Drive,0.0,0,Hyundai,25.5432,0,0,0.0,4,0.0,Santa Fe,0,13.52318181818182,2450,0,4,411.0,0.0,0.0,0.0,0.0,0.0,0.0,Regular Gasoline,0,41479,Automatic (S8),0.0,-2750,0,24.7499,Small Sport Utility Vehicle 4WD,2019-06-04,19.6217,0.0,2020-02-05,0.0,0.0,22,SIDI,0.0,0.0,0,0,29,0,0,0.0,,,,
0,0.0,0.0,0,0.0,HYX,33,14,0.0,-1,N,63.7579,43,,Y,36.6291,2021,Elantra,Regular,2.0,0.0,0.0,4.0,244,0.0,false,Front-Wheel Drive,0.0,0,Hyundai,42.5634,0,0,0.0,8,0.0,Elantra,0,8.040810810810811,1450,99,8,244.0,0.0,0.0,0.0,0.0,0.0,0.0,Regular Gasoline,0,43047,Automatic (AV-S1),0.0,2250,0,44.07,Midsize Cars,2020-09-03,32.8785,0.0,2021-04-26,0.0,0.0,37,Stop-Start,0.0,0.0,0,0,46,0,0,0.0,,,,
0,0.0,0.0,0,0.0,HYX,28,14,0.0,-1,N,51.9,36,T,N,30.9861,2021,Elantra,Regular,1.6,0.0,0.0,4.0,288,0.0,false,Front-Wheel Drive,0.0,0,Hyundai,35.5409,0,0,0.0,7,0.0,Elantra,0,9.597096774193549,1750,99,7,288.0,0.0,0.0,0.0,0.0,0.0,0.0,Regular Gasoline,0,43446,Automatic (AM-S7),0.0,750,0,35.6,Midsize Cars,2020-11-10,28.0454,0.0,2021-04-26,0.0,0.0,31,SIDI,0.0,0.0,0,0,51,0,0,0.0,,,,
0,0.0,0.0,0,0.0,HYX,33,14,0.0,-1,N,63.7579,43,,Y,36.6291,2022,Elantra,Regular,2.0,0.0,0.0,4.0,244,0.0,false,Front-Wheel Drive,0.0,0,Hyundai,42.5634,0,0,0.0,8,0.0,Elantra,0,8.040810810810811,1450,99,8,244.0,0.0,0.0,0.0,0.0,0.0,0.0,Regular Gasoline,0,43970,Automatic (AV-S1),0.0,2250,0,44.07,Midsize Cars,2021-06-02,32.8785,0.0,2021-12-10,0.0,0.0,37,Stop-Start,0.0,0.0,0,0,41,0,0,0.0,,,,
0,0.0,0.0,0,0.0,HYX,29,19,0.0,-1,Y,49.5554,33,,N,30.8025,2022,Venue,Regular,1.6,0.0,0.0,4.0,290,0.0,false,Front-Wheel Drive,0.0,0,Hyundai,32.7368,0,0,0.0,7,0.0,Venue,0,9.597096774193549,1750,92,7,290.0,0.0,0.0,0.0,0.0,0.0,0.0,Regular Gasoline,0,44135,Automatic (AV-S1),0.0,750,0,37.7482,Midsize Cars,2021-07-06,29.3821,0.0,2021-12-10,0.0,0.0,31,,0.0,0.0,0,0,50,0,0,0.0,,,,
0,0.0,0.0,0,0.0,HYX,21,0,0.0,-1,N,37.3,25,,N,22.6462,2023,Santa Cruz AWD,Regular,2.5,0.0,0.0,4.0,390,0.0,false,All-Wheel Drive,0.0,0,Hyundai,24.8627,0,0,0.0,5,0.0,Santa Cruz,0,12.935217391304349,2350,0,5,390.0,0.0,0.0,0.0,0.0,0.0,0.0,Regular Gasoline,0,45552,Automatic (S8),0.0,-2250,0,26.8,Small Sport Utility Vehicle 4WD,2022-07-13,21.1067,0.0,2023-04-11,0.0,0.0,23,SIDI & PFI,0.0,0.0,0,0,44,0,0,0.0,,,,
0,0.0,0.0,0,0.0,HYX,25,0,0.0,-1,N,44.6,28,,Y,25.9029,2023,Santa Fe FWD,Regular,2.5,0.0,0.0,4.0,344,0.0,false,Front-Wheel Drive,0.0,0,Hyundai,27.7302,0,0,0.0,5,0.0,Santa Fe,0,11.442692307692308,2050,0,5,344.0,0.0,0.0,0.0,0.0,0.0,0.0,Regular Gasoline,0,45615,Automatic (S8),0.0,-750,0,31.7,Small Sport Utility Vehicle 2WD,2022-07-20,24.5777,0.0,2023-04-11,0.0,0.0,26,SIDI & PFI,0.0,0.0,0,0,48,0,0,0.0,,,,
0,0.0,0.0,0,0.0,HYX,22,0,0.0,-1,N,39.7,28,T,Y,24.5416,2023,Santa Fe FWD,Regular,2.5,0.0,0.0,4.0,365,0.0,false,Front-Wheel Drive,0.0,0,Hyundai,27.9345,0,0,0.0,5,0.0,Santa Fe,0,11.900400000000001,2150,0,5,365.0,0.0,0.0,0.0,0.0,0.0,0.0,Regular Gasoline,0,45616,Automatic (AM-S8),0.0,-1250,0,28.5,Small Sport Utility Vehicle 2WD,2022-07-20,22.3233,0.0,2023-04-11,0.0,0.0,25,SIDI & PFI,0.0,0.0,0,0,50,0,0,0.0,,,,
0,0.0,0.0,0,0.0,HYX,23,0,0.0,-1,N,40.5051,28,,N,25.3023,2023,Tucson AWD,Regular,2.5,0.0,0.0,4.0,351,0.0,false,All-Wheel Drive,0.0,0,Hyundai,28.4496,0,0,0.0,5,0.0,Tucson,0,11.900400000000001,2150,0,5,351.0,0.0,0.0,0.0,0.0,0.0,0.0,Regular Gasoline,0,45688,Automatic (S8),0.0,-1250,0,29.7399,Small Sport Utility Vehicle 4WD,2022-08-02,23.2023,0.0,2023-04-11,0.0,0.0,25,SIDI & PFI,0.0,0.0,0,0,57,0,0,0.0,,,,
0,0.636,0.0,0,3.718875,HYX,35,0,0.0,-1,Y,45.9,35,T,Y,35.0164,2024,Tucson Plug-in Hybrid,Regular Gas and Electricity,1.6,0.583,46.0,4.0,100,1.7,true,All-Wheel Drive,73.8934,74,Hyundai,35.3739,53,0,124.0,9,42.0,Tucson,56,3.3585405342857144,1550,0,8,100.0,86.8074,0.0,80.4782,35.03,0.0,0.0,Regular Gasoline,0,47495,Automatic (AM-S6),0.0,3750,87,47.9,Small Sport Utility Vehicle 4WD,2023-11-06,34.7293,0.616,2024-04-16,0.0,39.0,35,,105.6,29.72,50,0,64,0,80,0.0,Plug-in Hybrid,67 kW PMSM,Electricity,33
0,0.0,0.0,0,0.0,HYX,27,0,0.0,-1,,48.6495,29,,Y,27.7534,2025,Kona AWD,Regular,2.0,0.0,0.0,4.0,319,0.0,false,All-Wheel Drive,0.0,0,Hyundai,29.1325,0,0,0.0,6,0.0,Kona,0,10.625357142857142,1900,0,6,319.0,0.0,0.0,0.0,0.0,0.0,0.0,Regular Gasoline,0,47960,Automatic (AV-S1),0.0,0,0,34.8,Small Sport Utility Vehicle 4WD,2024-05-29,26.7185,0.0,2024-05-29,0.0,0.0,28,with Stop-Start,0.0,0.0,0,0,69,0,0,0.0,,,,
0,0.0,0.0,0,0.0,HYX,26,0,0.0,-1,N,43.4706,30,,N,27.5263,2020,Kona AWD,Regular,2.0,0.0,0.0,4.0,324,0.0,false,All-Wheel Drive,0.0,0,Hyundai,30.3308,0,0,0.0,6,0.0,Kona,0,10.625357142857142,1900,0,6,324.0,0.0,0.0,0.0,0.0,0.0,0.0,Regular Gasoline,0,41422,Automatic (S6),0.0,0,0,33.1588,Small Sport Utility Vehicle 4WD,2019-05-10,25.5904,0.0,2019-09-10,0.0,0.0,28,SIDI,0.0,0.0,0,0,26,0,0,0.0,,,,
0,0.0,0.0,0,0.0,HYX,50,16,0.0,-1,N,73.0889,54,,Y,51.8655,2020,Sonata Hybrid Blue,Regular,2.0,0.0,0.0,4.0,172,0.0,false,Front-Wheel Drive,0.0,0,Hyundai,54.3055,0,0,0.0,10,0.0,Sonata,0,5.721346153846154,1050,105,10,172.0,0.0,0.0,0.0,0.0,0.0,0.0,Regular Gasoline,0,42476,Automatic (AM-S6),0.0,4250,0,64.249,Large Cars,2020-02-11,50.0265,0.0,2020-07-10,0.0,0.0,52,SIDI; Hybrid,0.0,0.0,0,0,58,0,0,0.0,Hybrid,270V Li-Ion,,
0,0.0,0.0,0,0.0,HYX,29,14,0.0,-1,N,57.9,39,,N,32.6036,2021,Accent,Regular,1.6,0.0,0.0,4.0,273,0.0,false,Front-Wheel Drive,0.0,0,Hyundai,39.1412,0,0,0.0,7,0.0,Accent,0,9.015454545454546,1650,90,7,273.0,0.0,0.0,0.0,0.0,0.0,0.0,Regular Gasoline,0,42661,Manual 6-spd,0.0,1250,0,37.7,Compact Cars,2020-06-02,28.6838,0.0,2020-11-10,0.0,0.0,33,,0.0,0.0,0,91,21,22,0,0.0,,,,
0,0.0,0.0,0,0.0,HYX,22,20,0.0,-1,N,38.4,28,T,N,24.6557,2022,Veloster N,Premium,2.0,0.0,0.0,4.0,363,0.0,false,Front-Wheel Drive,0.0,0,Hyundai,28.4246,0,0,0.0,5,0.0,Veloster,0,11.900400000000001,2700,90,5,363.0,0.0,0.0,0.0,0.0,0.0,0.0,Premium Gasoline,0,43832,Manual 6-spd,0.0,-4000,0,27.3,Compact Cars,2021-04-06,22.2427,0.0,2021-12-10,0.0,0.0,25,SIDI,0.0,0.0,0,0,17,0,0,0.0,,,,
0,0.613,0.0,0,3.914605263157895,HYX,33,0,0.0,-1,N,43.7,32,T,Y,32.7897,2022,Santa Fe Plug-in Hybrid,Regular Gas and Electricity,1.6,0.572,47.0,4.0,111,3.4,true,All-Wheel Drive,71.8737,72,Hyundai,32.163,49,0,113.3,10,44.0,Santa Fe,51,3.7725972525,1650,0,9,111.0,79.4117,0.0,75.8328,32.67,0.0,0.0,Regular Gasoline,0,44024,Automatic (AM-S6),0.0,3250,79,45.8,Small Sport Utility Vehicle 4WD,2021-06-11,33.3209,0.595,2023-05-17,0.0,42.0,33,SIDI; PHEV,102.7,28.7,47,0,23,0,76,0.0,Plug-in Hybrid,67 kW AC PMSM,Electricity,31
258,0.0,0.0,0,0.0,HYX,134,0,0.0,-1,N,155.5,106,,N,122.6523,2023,Kona Electric,Electricity,,0.0,30.9646,,0,9.5,false,Front-Wheel Drive,0.0,0,Hyundai,108.85,0,0,0.0,10,27.4801,Kona,0,0.0648,600,0,10,0.0,0.0,0.0,0.0,0.0,0.0,0.0,Electricity,0,46000,Automatic (A1),0.0,6500,0,195.5,Small Sport Utility Vehicle 2WD,2022-10-20,136.85,0.0,2023-04-11,0.0,24.6292,120,,0.0,0.0,0,0,36,0,0,0.0,EV,TBD,,
0,0.0,0.0,0,0.0,HYX,19,18,0.0,-1,N,34.0472,24,,Y,21.2429,2024,Palisade AWD,Regular,3.8,0.0,0.0,6.0,420,0.0,false,All-Wheel Drive,0.0,0,Hyundai,24.2649,0,0,0.0,4,0.0,Palisade,0,14.167142857142858,2550,155,4,420.0,0.0,0.0,0.0,0.0,0.0,0.0,Regular Gasoline,0,46717,Automatic (S8),0.0,-3250,0,24.2798,Small Sport Utility Vehicle 4WD,2023-06-23,19.2784,0.0,2023-09-07,0.0,0.0,21,SIDI,0.0,0.0,0,0,19,0,0,0.0,,,,
0,0.0,0.0,0,0.0,HYX,27,0,0.0,-1,N,48.6495,29,,Y,27.7534,2024,Kona AWD,Regular,2.0,0.0,0.0,4.0,319,0.0,false,All-Wheel Drive,0.0,0,Hyundai,29.1325,0,0,0.0,6,0.0,Kona,0,10.625357142857142,1900,0,6,319.0,0.0,0.0,0.0,0.0,0.0,0.0,Regular Gasoline,0,46884,Automatic (AV-S1),0.0,0,0,34.8,Small Sport Utility Vehicle 4WD,2023-07-31,26.7185,0.0,2023-09-19,0.0,0.0,28,Stop-Start,0.0,0.0,0,0,69,0,0,0.0,,,,
361,0.0,0.0,0,0.0,HYX,153,11,0.0,-1,N,173.9,127,,N,142.9851,2024,Ioniq 6 Long range RWD (18 inch Wheels),Electricity,,0.0,25.9462,,0,7.5,false,Rear-Wheel Drive,0.0,0,Hyundai,129.9033,0,0,0.0,10,23.5724,Ioniq 6,0,0.0576,550,105,10,0.0,0.0,0.0,0.0,0.0,0.0,0.0,Electricity,0,46957,Automatic (A1),0.0,6750,0,208.6,Midsize Cars,2023-07-31,155.8242,0.0,2023-07-31,0.0,21.6301,140,,0.0,0.0,0,0,60,0,0,0.0,EV,168 kW PMSM,,
261,0.0,0.0,0,0.0,HYX,129,26,0.0,-1,N,147.5,103,,N,115.8945,2024,Kona Electric Long Range,Electricity,,0.0,32.6441,,0,6.7,false,Front-Wheel Drive,0.0,0,Hyundai,103.25,0,0,0.0,10,29.0825,Kona,0,0.0696,650,101,10,0.0,0.0,0.0,0.0,0.0,0.0,0.0,Electricity,0,47449,Automatic (A1),0.0,6250,0,184.0,Small Sport Utility Vehicle 2WD,2023-11-06,128.8,0.0,2024-04-16,0.0,26.1685,116,,0.0,0.0,0,0,72,0,0,0.0,EV,150 kW PMSM,,
0,0.0,0.0,0,0.0,HYX,21,14,0.0,-1,N,41.1,29,T,N,24.2429,2024,Elantra N,Premium,2.0,0.0,0.0,4.0,366,0.0,false,Front-Wheel Drive,0.0,0,Hyundai,28.9879,0,0,0.0,5,0.0,Elantra,0,12.39625,2800,99,5,366.0,0.0,0.0,0.0,0.0,0.0,0.0,Premium Gasoline,0,47572,Manual 6-spd,0.0,-4500,0,26.3,Midsize Cars,2024-02-21,21.3796,0.0,2024-04-16,0.0,0.0,24,SIDI,0.0,0.0,0,0,66,0,0,0.0,,,,
0,0.0,0.0,0,0.0,HYX,20,0,0.0,-1,N,39.3035,28,T,Y,22.6683,2024,Santa Fe AWD,Regular,2.5,0.0,0.0,4.0,392,0.0,false,All-Wheel Drive,0.0,0,Hyundai,27.6801,0,0,0.0,5,0.0,Santa Fe,0,12.935217391304349,2350,0,5,392.0,0.0,0.0,0.0,0.0,0.0,0.0,Regular Gasoline,0,47657,Automatic (AM-S8),0.0,-2250,0,24.917,Small Sport Utility Vehicle 4WD,2024-02-21,19.7435,0.0,2024-04-16,0.0,0.0,23,SIDI & PFI,0.0,0.0,0,0,48,0,0,0.0,,,,
0,0.0,0.0,0,0.0,HYX,29,0,0.0,-1,,54.6,34,,Y,31.2807,2025,Kona FWD,Regular,2.0,0.0,0.0,4.0,284,0.0,false,Front-Wheel Drive,0.0,0,Hyundai,34.4587,0,0,0.0,6,0.0,Kona,0,9.597096774193549,1750,0,6,284.0,0.0,0.0,0.0,0.0,0.0,0.0,Regular Gasoline,0,47953,Automatic (AV-S1),0.0,750,0,38.3,Small Sport Utility Vehicle 2WD,2024-05-29,29.086,0.0,2024-05-29,0.0,0.0,31,with Stop-Start,0.0,0.0,0,0,70,0,0,0.0,,,,
0,0.0,0.0,0,0.0,HYX,26,14,0.0,-1,N,54.7,37,,N,29.9053,2020,Elantra,Regular,2.0,0.0,0.0,4.0,301,0.0,false,Front-Wheel Drive,0.0,0,Hyundai,37.235,0,0,0.0,7,0.0,Elantra,0,9.917,1800,96,7,301.0,0.0,0.0,0.0,0.0,0.0,0.0,Regular Gasoline,0,41436,Manual 6-spd,0.0,500,0,33.4,Midsize Cars,2019-05-28,25.7569,0.0,2019-07-24,0.0,0.0,30,,0.0,0.0,0,0,28,0,0,0.0,,,,
0,0.0,0.0,0,0.0,HYX,19,0,0.0,-1,N,37.4185,26,,N,21.9707,2021,Palisade FWD,Regular,3.8,0.0,0.0,6.0,407,0.0,false,Front-Wheel Drive,0.0,0,Hyundai,26.4647,0,0,0.0,4,0.0,Palisade,0,13.52318181818182,2450,0,4,407.0,0.0,0.0,0.0,0.0,0.0,0.0,Regular Gasoline,0,42609,Automatic (S8),0.0,-2750,0,24.2963,Standard Sport Utility Vehicle 2WD,2020-05-05,19.2905,0.0,2020-09-24,0.0,0.0,22,SIDI,0.0,0.0,0,0,15,0,0,0.0,,,,
0,0.0,0.0,0,0.0,HYX,27,16,0.0,-1,N,54.0,37,,N,30.5776,2021,Sonata,Regular,2.5,0.0,0.0,4.0,293,0.0,false,Front-Wheel Drive,0.0,0,Hyundai,36.8145,0,0,0.0,7,0.0,Sonata,0,9.597096774193549,1750,105,7,293.0,0.0,0.0,0.0,0.0,0.0,0.0,Regular Gasoline,0,42796,Automatic (S8),0.0,750,0,35.0,Large Cars,2020-07-10,26.8552,0.0,2020-09-24,0.0,0.0,31,SIDI & PFI,0.0,0.0,0,0,38,0,0,0.0,,,,
0,0.0,0.0,0,0.0,HYX,19,18,0.0,-1,N,37.4211,26,,N,21.9729,2022,Palisade FWD,Regular,3.8,0.0,0.0,6.0,407,0.0,false,Front-Wheel Drive,0.0,0,Hyundai,26.4664,0,0,0.0,5,0.0,Palisade,0,13.52318181818182,2450,155,5,407.0,0.0,0.0,0.0,0.0,0.0,0.0,Regular Gasoline,0,43963,Automatic (S8),0.0,-2750,0,24.2996,Standard Sport Utility Vehicle 2WD,2021-05-18,19.2929,0.0,2021-12-10,0.0,0.0,22,SIDI,0.0,0.0,0,0,25,0,0,0.0,,,,
258,0.0,0.0,0,0.0,HYX,132,0,0.0,-1,N,155.5,108,,N,120.0,2022,Kona Electric,Electricity,,0.0,30.9646,,0,9.5,false,Front-Wheel Drive,0.0,0,Hyundai,108.0,0,0,0.0,10,28.0,Kona,0,0.0672,650,0,10,0.0,0.0,0.0,0.0,0.0,0.0,0.0,Electricity,0,44444,Automatic (A1),0.0,6250,0,195.5,Small Sport Utility Vehicle 2WD,2021-08-24,132.0,0.0,2022-10-26,0.0,26.0,120,,0.0,0.0,0,0,22,0,0,0.0,EV,150 kW AC PMSM,,
0,0.0,0.0,0,0.0,HYX,29,19,0.0,-1,N,49.5554,33,,N,30.8025,2023,Venue,Regular,1.6,0.0,0.0,4.0,290,0.0,false,Front-Wheel Drive,0.0,0,Hyundai,32.7368,0,0,0.0,6,0.0,Venue,0,9.597096774193549,1750,92,6,290.0,0.0,0.0,0.0,0.0,0.0,0.0,Regular Gasoline,0,45608,Automatic (AV-S1),0.0,750,0,37.7482,Midsize Cars,2022-07-20,29.3821,0.0,2023-04-11,0.0,0.0,31,,0.0,0.0,0,0,51,0,0,0.0,,,,
0,0.0,0.0,0,0.0,HYX,25,0,0.0,-1,N,45.8896,32,,Y,27.6286,2023,Tucson FWD,Regular,2.5,0.0,0.0,4.0,322,0.0,false,Front-Wheel Drive,0.0,0,Hyundai,31.8471,0,0,0.0,6,0.0,Tucson,0,10.625357142857142,1900,0,6,322.0,0.0,0.0,0.0,0.0,0.0,0.0,Regular Gasoline,0,46375,Automatic (S8),0.0,0,0,32.2017,Small Sport Utility Vehicle 2WD,2023-01-26,24.9271,0.0,2023-04-11,0.0,0.0,28,SIDI & PFI,0.0,0.0,0,0,58,0,0,0.0,,,,
0,0.0,0.0,0,0.0,HYX,23,16,0.0,-1,N,45.4577,32,T,N,26.6114,2024,Sonata FWD,Regular,2.5,0.0,0.0,4.0,333,0.0,false,Front-Wheel Drive,0.0,0,Hyundai,32.0181,0,0,0.0,5,0.0,Sonata,0,11.018888888888888,2000,104,5,333.0,0.0,0.0,0.0,0.0,0.0,0.0,Regular Gasoline,0,47358,Automatic (AM-S8),0.0,-500,0,28.883,Large Cars,2023-11-06,23.381,0.0,2024-03-19,0.0,0.0,27,SIDI & PFI,0.0,0.0,0,0,41,0,0,0.0,,,,
0,0.0,0.0,0,0.0,HYX,20,0,0.0,-1,N,38.6,27,T,Y,22.5215,2020,Santa Fe FWD,Regular,2.0,0.0,0.0,4.0,399,0.0,false,Front-Wheel Drive,0.0,0,Hyundai,27.2277,0,0,0.0,5,0.0,Santa Fe,0,12.935217391304349,2350,0,5,399.0,0.0,0.0,0.0,0.0,0.0,0.0,Regular Gasoline,0,41475,Automatic (S8),0.0,-2250,0,24.9,Small Sport Utility Vehicle 2WD,2019-06-04,19.7311,0.0,2020-02-05,0.0,0.0,23,SIDI,0.0,0.0,0,0,30,0,0,0.0,,,,
0,0.0,0.0,0,0.0,HYX,57,0,0.0,-1,Y,79.1,59,,Y,57.7824,2020,Ioniq Blue,Regular,1.6,0.0,0.0,4.0,154,0.0,false,Front-Wheel Drive,0.0,0,Hyundai,59.4169,0,0,0.0,10,0.0,Ioniq,0,5.12948275862069,950,0,10,154.0,0.0,0.0,0.0,0.0,0.0,0.0,Regular Gasoline,0,42243,Automatic (AM6),0.0,4750,0,75.7,Large Cars,2019-11-05,56.5105,0.0,2020-04-17,0.0,0.0,58,SIDI; Hybrid,0.0,0.0,0,96,51,27,0,0.0,Hybrid,240V Li-Ion,,
0,0.0,0.0,0,0.0,HYX,28,0,0.0,-1,N,48.0,32,T,N,29.5096,2021,Kona FWD,Regular,1.6,0.0,0.0,4.0,303,0.0,false,Front-Wheel Drive,0.0,0,Hyundai,32.398,0,0,0.0,6,0.0,Kona,0,9.917,1800,0,6,303.0,0.0,0.0,0.0,0.0,0.0,0.0,Regular Gasoline,0,42593,Automatic (AM7),0.0,500,0,34.9,Small Sport Utility Vehicle 2WD,2020-05-05,27.5034,0.0,2020-09-24,0.0,0.0,30,SIDI,0.0,0.0,0,0,11,0,0,0.0,,,,
0,0.0,0.0,0,0.0,HYX,30,0,0.0,-1,Y,51.6024,35,,Y,31.8856,2023,Kona FWD,Regular,2.0,0.0,0.0,4.0,281,0.0,false,Front-Wheel Drive,0.0,0,Hyundai,35.3644,0,0,0.0,6,0.0,Kona,0,9.2971875,1700,0,6,281.0,0.0,0.0,0.0,0.0,0.0,0.0,Regular Gasoline,0,45323,Automatic (AV-S1),0.0,1000,0,38.9357,Small Sport Utility Vehicle 2WD,2022-05-17,29.5105,0.0,2023-04-11,0.0,0.0,32,,0.0,0.0,0,0,32,0,0,0.0,,,,
0,0.0,0.0,0,0.0,HYX,23,0,0.0,-1,N,42.6,30,T,N,25.5513,2020,Elantra GT,Regular,1.6,0.0,0.0,4.0,352,0.0,false,Front-Wheel Drive,0.0,0,Hyundai,29.7811,0,0,0.0,5,0.0,Elantra,0,11.442692307692308,2050,0,5,352.0,0.0,0.0,0.0,0.0,0.0,0.0,Regular Gasoline,0,41561,Manual 6-spd,0.0,-750,0,29.3,Large Cars,2019-07-08,22.8912,0.0,2019-07-24,0.0,0.0,26,SIDI,0.0,0.0,0,97,40,25,0,0.0,,,,
0,0.0,0.0,0,0.0,HYX,55,0,0.0,-1,Y,74.8987,54,,Y,54.5885,2020,Ioniq,Regular,1.6,0.0,0.0,4.0,163,0.0,false,Front-Wheel Drive,0.0,0,Hyundai,54.4394,0,0,0.0,10,0.0,Ioniq,0,5.409272727272728,1000,0,10,163.0,0.0,0.0,0.0,0.0,0.0,0.0,Regular Gasoline,0,42242,Automatic (AM6),0.0,4500,0,72.421,Large Cars,2019-11-05,54.7111,0.0,2020-04-17,0.0,0.0,55,SIDI; Hybrid,0.0,0.0,0,96,50,27,0,0.0,Hybrid,240V Li-Ion,,
0,0.0,0.0,0,0.0,HYX,19,0,0.0,-1,Y,34.3,24,,N,21.1618,2021,Palisade AWD,Regular,3.8,0.0,0.0,6.0,426,0.0,false,All-Wheel Drive,0.0,0,Hyundai,24.431,0,0,0.0,4,0.0,Palisade,0,14.167142857142858,2550,0,4,426.0,0.0,0.0,0.0,0.0,0.0,0.0,Regular Gasoline,0,42610,Automatic (S8),0.0,-3250,0,24.0,Standard Sport Utility Vehicle 4WD,2020-05-05,19.0736,0.0,2020-09-24,0.0,0.0,21,SIDI,0.0,0.0,0,0,14,0,0,0.0,,,,
0,0.0,0.0,0,0.0,HYX,50,16,0.0,-1,N,73.0889,54,,Y,51.8655,2021,Sonata Hybrid Blue,Regular,2.0,0.0,0.0,4.0,172,0.0,false,Front-Wheel Drive,0.0,0,Hyundai,54.3055,0,0,0.0,9,0.0,Sonata,0,5.721346153846154,1050,105,9,172.0,0.0,0.0,0.0,0.0,0.0,0.0,Regular Gasoline,0,42789,Automatic (AM-S6),0.0,4250,0,64.249,Large Cars,2020-07-02,50.0265,0.0,2021-04-26,0.0,0.0,52,SIDI; Hybrid,0.0,0.0,0,0,28,0,0,0.0,Hybrid,270V Li-Ion,,
0,0.0,0.0,0,0.0,HYX,54,0,0.0,-1,N,74.7736,56,,Y,55.1874,2021,Ioniq,Regular,1.6,0.0,0.0,4.0,162,0.0,false,Front-Wheel Drive,0.0,0,Hyundai,56.4413,0,0,0.0,10,0.0,Ioniq,0,5.409272727272728,1000,0,10,162.0,0.0,0.0,0.0,0.0,0.0,0.0,Regular Gasoline,0,43570,Automatic (AM-S6),0.0,4500,0,73.1761,Large Cars,2020-12-02,54.2021,0.0,2021-08-24,0.0,0.0,55,SIDI; Hybrid,0.0,0.0,0,96,55,27,0,0.0,Hybrid,240V Li-Ion,,
0,0.0,0.0,0,0.0,HYX,29,0,0.0,-1,N,50.4,35,T,Y,31.5569,2022,Kona FWD,Regular,1.6,0.0,0.0,4.0,284,0.0,false,Front-Wheel Drive,0.0,0,Hyundai,34.6314,0,0,0.0,7,0.0,Kona,0,9.2971875,1700,0,7,284.0,0.0,0.0,0.0,0.0,0.0,0.0,Regular Gasoline,0,43763,Automatic (AM-S7),0.0,1000,0,38.8,Small Sport Utility Vehicle 2WD,2021-03-11,29.42,0.0,2021-08-24,0.0,0.0,32,,0.0,0.0,0,0,13,0,0,0.0,,,,
0,0.0,0.0,0,0.0,HYX,25,0,0.0,-1,N,44.6,28,,Y,25.9029,2022,Santa Fe FWD,Regular,2.5,0.0,0.0,4.0,344,0.0,false,Front-Wheel Drive,0.0,0,Hyundai,27.7302,0,0,0.0,5,0.0,Santa Fe,0,11.442692307692308,2050,0,5,344.0,0.0,0.0,0.0,0.0,0.0,0.0,Regular Gasoline,0,43987,Automatic (S8),0.0,-750,0,31.7,Small Sport Utility Vehicle 2WD,2021-06-02,24.5777,0.0,2021-12-10,0.0,0.0,26,SIDI & PFI,0.0,0.0,0,0,27,0,0,0.0,,,,
0,0.0,0.0,0,0.0,HYX,53,14,0.0,-1,Y,72.3,56,,Y,53.9657,2022,Elantra Hybrid Blue,Regular,1.6,0.0,0.0,4.0,165,0.0,false,Front-Wheel Drive,0.0,0,Hyundai,55.5898,0,0,0.0,9,0.0,Elantra,0,5.509444444444444,1000,99,9,165.0,0.0,0.0,0.0,0.0,0.0,0.0,Regular Gasoline,0,44058,Automatic (AM-S6),0.0,4500,0,72.8,Midsize Cars,2021-06-16,52.7058,0.0,2021-12-10,0.0,0.0,54,SIDI; Hybrid,0.0,0.0,0,0,45,0,0,0.0,Hybrid,240V Li-Ion,,
316,0.0,0.0,0,0.0,HYX,130,11,0.0,-1,N,162.6,111,,N,123.7916,2024,Ioniq 6 Long range AWD (18 inch Wheels),Electricity,,0.0,29.6125,,0,7.5,false,All-Wheel Drive,0.0,0,Hyundai,113.82,0,0,0.0,10,27.2272,Ioniq 6,0,0.0648,600,105,10,0.0,0.0,0.0,0.0,0.0,0.0,0.0,Electricity,0,46955,Automatic (A1),0.0,6500,0,190.5,Midsize Cars,2023-07-31,133.35,0.0,2023-07-31,0.0,25.2756,121,,0.0,0.0,0,0,62,0,0,0.0,EV,165 kW PMSM,,
303,0.0,0.0,0,0.0,HYX,132,0,0.0,-1,N,141.3,98,,N,115.5444,2024,Ioniq 5 Long range RWD,Electricity,,0.0,34.0764,,0,8.5,false,Rear-Wheel Drive,0.0,0,Hyundai,98.91,0,0,0.0,10,29.1706,Ioniq 5,0,0.0696,650,0,10,0.0,0.0,0.0,0.0,0.0,0.0,0.0,Electricity,0,46960,Automatic (A1),0.0,6250,0,191.4,Small Sport Utility Vehicle 2WD,2023-07-31,133.98,0.0,2023-07-31,0.0,25.1567,114,,0.0,0.0,0,0,34,0,0,0.0,EV,168 kW PMSM,,
0,0.0,0.0,0,0.0,HYX,20,0,0.0,-1,N,41.7552,29,T,Y,23.5967,2024,Santa Fe FWD,Regular,2.5,0.0,0.0,4.0,377,0.0,false,Front-Wheel Drive,0.0,0,Hyundai,29.2456,0,0,0.0,5,0.0,Santa Fe,0,12.39625,2250,0,5,377.0,0.0,0.0,0.0,0.0,0.0,0.0,Regular Gasoline,0,47629,Automatic (AM-S8),0.0,-1750,0,25.7884,Small Sport Utility Vehicle 2WD,2024-02-21,20.3764,0.0,2024-04-16,0.0,0.0,24,SIDI & PFI,0.0,0.0,0,0,49,0,0,0.0,,,,
0,0.0,0.0,0,0.0,HYX,22,0,0.0,-1,N,40.1,25,,Y,23.5027,2021,Santa Fe AWD,Regular,2.5,0.0,0.0,4.0,378,0.0,false,All-Wheel Drive,0.0,0,Hyundai,25.2363,0,0,0.0,5,0.0,Santa Fe,0,12.39625,2250,0,5,378.0,0.0,0.0,0.0,0.0,0.0,0.0,Regular Gasoline,0,43422,Automatic (S8),0.0,-1750,0,28.4,Small Sport Utility Vehicle 4WD,2020-11-02,22.2521,0.0,2021-04-26,0.0,0.0,24,SIDI & PFI,0.0,0.0,0,0,47,0,0,0.0,,,,
0,0.0,0.0,0,0.0,HYX,24,0,0.0,-1,Y,40.8326,29,,N,25.639,2022,Tucson AWD,Regular,2.5,0.0,0.0,4.0,349,0.0,false,All-Wheel Drive,0.0,0,Hyundai,28.6585,0,0,0.0,5,0.0,Tucson,0,11.442692307692308,2050,0,5,349.0,0.0,0.0,0.0,0.0,0.0,0.0,Regular Gasoline,0,43753,Automatic (S8),0.0,-750,0,30.3102,Small Sport Utility Vehicle 4WD,2021-03-03,23.6043,0.0,2021-08-24,0.0,0.0,26,SIDI & PFI,0.0,0.0,0,0,3,0,0,0.0,,,,
0,0.0,0.0,0,0.0,HYX,38,0,0.0,-1,Y,50.9,38,T,Y,37.7332,2022,Tucson Hybrid Blue,Regular,1.6,0.0,0.0,4.0,238,0.0,false,All-Wheel Drive,0.0,0,Hyundai,37.9043,0,0,0.0,8,0.0,Tucson,0,7.82921052631579,1400,0,8,238.0,0.0,0.0,0.0,0.0,0.0,0.0,Regular Gasoline,0,43800,Automatic (AM-S6),0.0,2500,0,49.6,Small Sport Utility Vehicle 4WD,2021-03-17,37.5943,0.0,2021-08-24,0.0,0.0,38,SIDI; Hybrid,0.0,0.0,0,0,6,0,0,0.0,Hybrid,270V Li-Ion,,
0,0.0,0.0,0,0.0,HYX,36,0,0.0,-1,N,45.0,31,T,Y,33.9461,2022,Santa Fe Hybrid Blue,Regular,1.6,0.0,0.0,4.0,264,0.0,false,All-Wheel Drive,0.0,0,Hyundai,31.4672,0,0,0.0,7,0.0,Santa Fe,0,8.750294117647059,1600,0,7,264.0,0.0,0.0,0.0,0.0,0.0,0.0,Regular Gasoline,0,44005,Automatic (AM-S6),0.0,1500,0,48.0,Small Sport Utility Vehicle 4WD,2021-06-02,36.2848,0.0,2021-12-10,0.0,0.0,34,SIDI; Hybrid,0.0,0.0,0,0,33,0,0,0.0,Hybrid,270V Li-Ion,,
0,0.0,0.0,0,0.0,HYX,24,0,0.0,-1,N,44.396,29,T,N,26.3518,2024,Kona AWD,Regular,1.6,0.0,0.0,4.0,337,0.0,false,All-Wheel Drive,0.0,0,Hyundai,29.0826,0,0,0.0,5,0.0,Kona,0,11.442692307692308,2050,0,5,337.0,0.0,0.0,0.0,0.0,0.0,0.0,Regular Gasoline,0,46718,Automatic (S8),0.0,-750,0,31.548,Small Sport Utility Vehicle 4WD,2023-06-23,24.4717,0.0,2023-09-07,0.0,0.0,26,SIDI,0.0,0.0,0,0,29,0,0,0.0,,,,
0,0.0,0.0,0,0.0,HYX,29,0,0.0,-1,N,49.3327,33,,N,30.6917,2024,Venue,Regular,1.6,0.0,0.0,4.0,291,0.0,false,Front-Wheel Drive,0.0,0,Hyundai,32.5339,0,0,0.0,6,0.0,Venue,0,9.597096774193549,1750,0,6,291.0,0.0,0.0,0.0,0.0,0.0,0.0,Regular Gasoline,0,46864,Automatic (AV-S1),0.0,750,0,37.689,Small Sport Utility Vehicle 2WD,2023-07-31,29.3327,0.0,2023-10-05,0.0,0.0,31,,0.0,0.0,0,0,51,0,0,0.0,,,,
0,0.0,0.0,0,0.0,HYX,30,14,0.0,-1,Y,60.2031,40,,N,34.0,2020,Elantra,Regular,2.0,0.0,0.0,4.0,264,0.0,false,Front-Wheel Drive,0.0,0,Hyundai,40.0,0,0,0.0,8,0.0,Elantra,0,8.750294117647059,1600,96,8,264.0,0.0,0.0,0.0,0.0,0.0,0.0,Regular Gasoline,0,41298,Automatic (variable gear ratios),0.0,1500,0,38.9005,Midsize Cars,2019-03-26,30.2689,0.0,2019-07-24,0.0,0.0,34,,0.0,0.0,0,0,12,0,0,0.0,,,,
0,0.0,0.0,0,0.0,HYX,31,14,0.0,-1,N,61.9157,41,,N,35.2379,2020,Elantra SE,Regular,2.0,0.0,0.0,4.0,259,0.0,false,Front-Wheel Drive,0.0,0,Hyundai,41.0,0,0,0.0,8,0.0,Elantra,0,8.500285714285715,1550,96,8,259.0,0.0,0.0,0.0,0.0,0.0,0.0,Regular Gasoline,0,41299,Automatic (variable gear ratios),0.0,1750,0,39.9195,Midsize Cars,2019-03-26,30.8168,0.0,2019-07-24,0.0,0.0,35,,0.0,0.0,0,0,13,0,0,0.0,,,,
0,0.0,0.0,0,0.0,HYX,25,20,0.0,-1,N,48.4,33,,N,28.2369,2020,Veloster,Regular,2.0,0.0,0.0,4.0,317,0.0,false,Front-Wheel Drive,0.0,0,Hyundai,33.4036,0,0,0.0,6,0.0,Veloster,0,10.625357142857142,1900,90,6,317.0,0.0,0.0,0.0,0.0,0.0,0.0,Regular Gasoline,0,41382,Manual 6-spd,0.0,0,0,32.4,Compact Cars,2019-04-16,25.0648,0.0,2019-09-10,0.0,0.0,28,,0.0,0.0,0,0,15,0,0,0.0,,,,
258,0.0,0.0,0,0.0,HYX,132,0,226.0235,-1,Y,155.5,108,,N,122.6523,2020,Kona Electric,Electricity,,0.0,30.9646,,0,9.0,false,Front-Wheel Drive,0.0,0,Hyundai,108.85,0,0,0.0,10,27.4801,Kona,0,0.0648,600,0,10,0.0,0.0,0.0,0.0,0.0,0.0,0.0,Electricity,0,42089,Automatic (A1),0.0,6500,0,195.5,Small Sport Utility Vehicle 2WD,2019-09-17,136.85,0.0,2022-02-02,284.1242,24.6292,120,,0.0,0.0,0,0,47,0,0,0.0,EV,150 kW AC PMSM,,
0,0.0,0.0,0,0.0,HYX,54,0,0.0,-1,Y,75.0104,57,,Y,55.3733,2022,Ioniq,Regular,1.6,0.0,0.0,4.0,162,0.0,false,Front-Wheel Drive,0.0,0,Hyundai,56.6598,0,0,0.0,9,0.0,Ioniq,0,5.409272727272728,1000,0,9,162.0,0.0,0.0,0.0,0.0,0.0,0.0,Regular Gasoline,0,44137,Automatic (AM-S6),0.0,4500,0,73.4196,Large Cars,2021-07-06,54.3633,0.0,2021-12-10,0.0,0.0,55,SIDI; Hybrid,0.0,0.0,0,96,54,27,0,0.0,Hybrid,240V Li-Ion,,
0,0.0,0.0,0,0.0,HYX,26,0,0.0,-1,N,48.6495,29,,N,27.316,2024,Kona AWD,Regular,2.0,0.0,0.0,4.0,323,0.0,false,All-Wheel Drive,0.0,0,Hyundai,29.0675,0,0,0.0,5,0.0,Kona,0,11.018888888888888,2000,0,5,323.0,0.0,0.0,0.0,0.0,0.0,0.0,Regular Gasoline,0,46883,Automatic (AV-S1),0.0,-500,0,33.8,Small Sport Utility Vehicle 4WD,2023-07-31,26.0325,0.0,2023-09-19,0.0,0.0,27,,0.0,0.0,0,0,31,0,0,0.0,,,,
0,0.0,0.0,0,0.0,HYX,25,16,0.0,-1,N,49.7,34,,N,28.1917,2024,Sonata AWD,Regular,2.5,0.0,0.0,4.0,316,0.0,false,All-Wheel Drive,0.0,0,Hyundai,34.2029,0,0,0.0,6,0.0,Sonata,0,10.625357142857142,1900,104,6,316.0,0.0,0.0,0.0,0.0,0.0,0.0,Regular Gasoline,0,47356,Automatic (S8),0.0,0,0,31.8,Large Cars,2023-11-06,24.6475,0.0,2024-03-19,0.0,0.0,28,SIDI & PFI,0.0,0.0,0,0,38,0,0,0.0,,,,
0,0.0,0.0,0,0.0,HYX,29,14,0.0,-1,N,57.9,39,,N,32.6036,2020,Accent,Regular,1.6,0.0,0.0,4.0,273,0.0,false,Front-Wheel Drive,0.0,0,Hyundai,39.1412,0,0,0.0,7,0.0,Accent,0,9.015454545454546,1650,90,7,273.0,0.0,0.0,0.0,0.0,0.0,0.0,Regular Gasoline,0,41405,Manual 6-spd,0.0,1250,0,37.7,Compact Cars,2019-05-02,28.6838,0.0,2019-09-10,0.0,0.0,33,,0.0,0.0,0,91,11,22,0,0.0,,,,
0,0.0,0.0,0,0.0,HYX,53,14,0.0,-1,N,72.3,56,,Y,53.9657,2021,Elantra Hybrid Blue,Regular,1.6,0.0,0.0,4.0,165,0.0,false,Front-Wheel Drive,0.0,0,Hyundai,55.5898,0,0,0.0,10,0.0,Elantra,0,5.509444444444444,1000,99,10,165.0,0.0,0.0,0.0,0.0,0.0,0.0,Regular Gasoline,0,43613,Automatic (AM-S6),0.0,4500,0,72.8,Midsize Cars,2020-12-16,52.7058,0.0,2021-02-02,0.0,0.0,54,SIDI; Hybrid,0.0,0.0,0,0,61,0,0,0.0,Hybrid,240V Li-Ion,,
0,0.0,0.0,0,0.0,HYX,28,16,0.0,-1,N,56.1,38,,Y,31.7911,2023,Sonata,Regular,2.5,0.0,0.0,4.0,282,0.0,false,Front-Wheel Drive,0.0,0,Hyundai,38.0722,0,0,0.0,6,0.0,Sonata,0,9.2971875,1700,105,6,282.0,0.0,0.0,0.0,0.0,0.0,0.0,Regular Gasoline,0,45420,Automatic (S8),0.0,1000,0,36.7,Large Cars,2022-06-16,28.0101,0.0,2023-04-11,0.0,0.0,32,SIDI & PFI; Stop-Start,0.0,0.0,0,0,40,0,0,0.0,,,,
0,0.0,0.0,0,0.0,HYX,22,0,0.0,-1,N,41.7,26,,N,23.2561,2023,Santa Cruz FWD,Regular,2.5,0.0,0.0,4.0,381,0.0,false,Front-Wheel Drive,0.0,0,Hyundai,25.5226,0,0,0.0,5,0.0,Santa Cruz,0,12.935217391304349,2350,0,5,381.0,0.0,0.0,0.0,0.0,0.0,0.0,Regular Gasoline,0,45537,Automatic (S8),0.0,-2250,0,27.6,Small Sport Utility Vehicle 2WD,2022-07-13,21.6809,0.0,2023-04-11,0.0,0.0,23,SIDI & PFI,0.0,0.0,0,0,45,0,0,0.0,,,,
0,0.0,0.0,0,0.0,HYX,26,0,0.0,-1,N,50.0758,32,T,N,28.4908,2024,Kona FWD,Regular,1.6,0.0,0.0,4.0,312,0.0,false,Front-Wheel Drive,0.0,0,Hyundai,32.2542,0,0,0.0,6,0.0,Kona,0,10.625357142857142,1900,0,6,312.0,0.0,0.0,0.0,0.0,0.0,0.0,Regular Gasoline,0,46696,Automatic (S8),0.0,0,0,33.7642,Small Sport Utility Vehicle 2WD,2023-06-23,26.0079,0.0,2023-09-07,0.0,0.0,28,SIDI,0.0,0.0,0,0,30,0,0,0.0,,,,
0,0.0,0.0,0,0.0,HYX,29,0,0.0,-1,N,54.6,34,,Y,31.2807,2024,Kona FWD,Regular,2.0,0.0,0.0,4.0,284,0.0,false,Front-Wheel Drive,0.0,0,Hyundai,34.4587,0,0,0.0,6,0.0,Kona,0,9.597096774193549,1750,0,6,284.0,0.0,0.0,0.0,0.0,0.0,0.0,Regular Gasoline,0,46865,Automatic (AV-S1),0.0,750,0,38.3,Small Sport Utility Vehicle 2WD,2023-07-31,29.086,0.0,2023-09-19,0.0,0.0,31,Stop-Start,0.0,0.0,0,0,70,0,0,0.0,,,,
0,0.0,0.0,0,0.0,HYX,28,20,0.0,-1,N,49.5,34,T,N,30.2742,2021,Veloster,Regular,1.6,0.0,0.0,4.0,296,0.0,false,Front-Wheel Drive,0.0,0,Hyundai,34.0802,0,0,0.0,6,0.0,Veloster,0,9.917,1800,90,6,296.0,0.0,0.0,0.0,0.0,0.0,0.0,Regular Gasoline,0,42540,Automatic (AM-S7),0.0,500,0,36.3,Compact Cars,2020-04-02,27.7395,0.0,2020-08-24,0.0,0.0,30,SIDI,0.0,0.0,0,0,8,0,0,0.0,,,,
0,0.584,0.0,0,2.5000840336134456,HYX,52,0,0.0,-1,N,72.4,51,,Y,52.0091,2021,Ioniq Plug-in Hybrid,Regular Gas and Electricity,1.6,0.563,28.0,4.0,74,2.25,true,Front-Wheel Drive,115.1485,115,Hyundai,51.4965,76,0,175.8897,10,28.0,Ioniq,78,2.4948173188235296,1050,0,10,74.0,123.1224,0.0,119.4016,29.86,0.0,0.0,Regular Gasoline,0,43725,Automatic (AM-S6),0.0,5500,123,72.3,Midsize Cars,2021-02-10,52.4362,0.575,2023-05-17,0.0,28.0,52,SIDI; PHEV,164.5013,27.95,74,96,57,23,119,0.0,Plug-in Hybrid,45 kW IPMSM,Electricity,29
0,0.0,0.0,0,0.0,HYX,20,20,0.0,-1,N,36.6469,27,T,N,22.4271,2022,Veloster N,Premium,2.0,0.0,0.0,4.0,400,0.0,false,Front-Wheel Drive,0.0,0,Hyundai,27.2801,0,0,0.0,5,0.0,Veloster,0,13.52318181818182,3050,90,5,400.0,0.0,0.0,0.0,0.0,0.0,0.0,Premium Gasoline,0,43831,Automatic (AM-S8),0.0,-5750,0,23.7006,Compact Cars,2021-04-06,19.5776,0.0,2021-12-10,0.0,0.0,22,SIDI,0.0,0.0,0,0,16,0,0,0.0,,,,
0,0.0,0.0,0,0.0,HYX,50,16,0.0,-1,N,73.0889,54,,Y,51.8655,2022,Sonata Hybrid Blue,Regular,2.0,0.0,0.0,4.0,172,0.0,false,Front-Wheel Drive,0.0,0,Hyundai,54.3055,0,0,0.0,9,0.0,Sonata,0,5.721346153846154,1050,105,9,172.0,0.0,0.0,0.0,0.0,0.0,0.0,Regular Gasoline,0,43957,Automatic (AM-S6),0.0,4250,0,64.249,Large Cars,2021-05-18,50.0265,0.0,2021-12-10,0.0,0.0,52,SIDI; Hybrid,0.0,0.0,0,0,31,0,0,0.0,Hybrid,270V Li-Ion,,
0,0.0,0.0,0,0.0,HYX,28,14,0.0,-1,N,51.9,36,T,N,30.9861,2022,Elantra,Regular,1.6,0.0,0.0,4.0,288,0.0,false,Front-Wheel Drive,0.0,0,Hyundai,35.5409,0,0,0.0,7,0.0,Elantra,0,9.597096774193549,1750,99,7,288.0,0.0,0.0,0.0,0.0,0.0,0.0,Regular Gasoline,0,43971,Automatic (AM-S7),0.0,750,0,35.6,Midsize Cars,2021-06-02,28.0454,0.0,2021-12-10,0.0,0.0,31,SIDI,0.0,0.0,0,0,42,0,0,0.0,,,,
0,0.0,0.0,0,0.0,HYX,21,0,0.0,-1,N,41.1,26,,N,23.0446,2022,Santa Cruz FWD,Regular,2.5,0.0,0.0,4.0,385,0.0,false,Front-Wheel Drive,0.0,0,Hyundai,25.5689,0,0,0.0,5,0.0,Santa Cruz,0,12.935217391304349,2350,0,5,385.0,0.0,0.0,0.0,0.0,0.0,0.0,Regular Gasoline,0,43982,Automatic (S8),0.0,-2250,0,27.1,Small Sport Utility Vehicle 2WD,2021-06-02,21.3224,0.0,2022-12-05,0.0,0.0,23,SIDI & PFI,0.0,0.0,0,0,47,0,0,0.0,,,,
0,0.0,0.0,0,0.0,HYX,21,0,0.0,-1,N,40.2,27,,N,23.4933,2022,Santa Cruz AWD,Regular,2.5,0.0,0.0,4.0,382,0.0,false,All-Wheel Drive,0.0,0,Hyundai,27.1154,0,0,0.0,5,0.0,Santa Cruz,0,12.935217391304349,2350,0,5,382.0,0.0,0.0,0.0,0.0,0.0,0.0,Regular Gasoline,0,43983,Automatic (S8),0.0,-2250,0,26.9,Small Sport Utility Vehicle 4WD,2021-06-02,21.1786,0.0,2022-12-05,0.0,0.0,23,SIDI & PFI,0.0,0.0,0,0,46,0,0,0.0,,,,
0,0.0,0.0,0,0.0,HYX,45,16,0.0,-1,N,67.3,51,,Y,47.2269,2023,Sonata Hybrid,Regular,2.0,0.0,0.0,4.0,189,0.0,false,Front-Wheel Drive,0.0,0,Hyundai,50.8517,0,0,0.0,8,0.0,Sonata,0,6.330000000000001,1150,105,8,189.0,0.0,0.0,0.0,0.0,0.0,0.0,Regular Gasoline,0,45531,Automatic (AM-S6),0.0,3750,0,58.5,Large Cars,2022-07-13,44.6244,0.0,2023-04-11,0.0,0.0,47,SIDI; Hybrid,0.0,0.0,0,0,42,0,0,0.0,Hybrid,270V Li-Ion,,
0,0.0,0.0,0,0.0,HYX,20,0,0.0,-1,N,35.8531,27,T,N,22.623,2023,Kona N,Premium,2.0,0.0,0.0,4.0,396,0.0,false,Front-Wheel Drive,0.0,0,Hyundai,26.9266,0,0,0.0,5,0.0,Kona,0,12.935217391304349,2950,0,5,396.0,0.0,0.0,0.0,0.0,0.0,0.0,Premium Gasoline,0,45536,Automatic (AM-S8),0.0,-5250,0,24.1154,Small Sport Utility Vehicle 2WD,2022-07-13,20.0067,0.0,2023-04-11,0.0,0.0,23,SIDI,0.0,0.0,0,0,37,0,0,0.0,,,,
0,0.0,0.0,0,0.0,HYX,28,0,0.0,-1,N,53.9,35,,N,30.8156,2024,Kona FWD,Regular,2.0,0.0,0.0,4.0,288,0.0,false,Front-Wheel Drive,0.0,0,Hyundai,34.8579,0,0,0.0,6,0.0,Kona,0,9.597096774193549,1750,0,6,288.0,0.0,0.0,0.0,0.0,0.0,0.0,Regular Gasoline,0,46863,Automatic (AV-S1),0.0,750,0,36.9,Small Sport Utility Vehicle 2WD,2023-07-31,28.1452,0.0,2023-09-19,0.0,0.0,31,,0.0,0.0,0,0,32,0,0,0.0,,,,
0,0.0,0.0,0,0.0,HYX,26,0,0.0,-1,,48.6495,29,,N,27.316,2025,Kona AWD,Regular,2.0,0.0,0.0,4.0,323,0.0,false,All-Wheel Drive,0.0,0,Hyundai,29.0675,0,0,0.0,5,0.0,Kona,0,11.018888888888888,2000,0,5,323.0,0.0,0.0,0.0,0.0,0.0,0.0,Regular Gasoline,0,47959,Automatic (AV-S1),0.0,-500,0,33.8,Small Sport Utility Vehicle 4WD,2024-05-29,26.0325,0.0,2024-05-29,0.0,0.0,27,,0.0,0.0,0,0,31,0,0,0.0,,,,
0,0.0,0.0,0,0.0,HYX,22,0,0.0,-1,N,42.1041,28,,N,24.6367,2020,Tucson FWD,Regular,2.4,0.0,0.0,4.0,363,0.0,false,Front-Wheel Drive,0.0,0,Hyundai,28.1108,0,0,0.0,5,0.0,Tucson,0,11.900400000000001,2150,0,5,363.0,0.0,0.0,0.0,0.0,0.0,0.0,Regular Gasoline,0,41440,Automatic (S6),0.0,-1250,0,28.5716,Small Sport Utility Vehicle 2WD,2019-05-28,22.3742,0.0,2019-11-27,0.0,0.0,25,SIDI,0.0,0.0,0,0,37,0,0,0.0,,,,
0,0.0,0.0,0,0.0,HYX,22,0,0.0,-1,Y,41.2697,29,,Y,24.5725,2020,Santa Fe FWD,Regular,2.4,0.0,0.0,4.0,362,0.0,false,Front-Wheel Drive,0.0,0,Hyundai,28.937,0,0,0.0,5,0.0,Santa Fe,0,11.900400000000001,2150,0,5,362.0,0.0,0.0,0.0,0.0,0.0,0.0,Regular Gasoline,0,41476,Automatic (S8),0.0,-1250,0,27.8689,Small Sport Utility Vehicle 2WD,2019-06-04,21.8732,0.0,2020-02-05,0.0,0.0,25,SIDI,0.0,0.0,0,0,32,0,0,0.0,,,,
0,0.0,0.0,0,0.0,HYX,25,0,0.0,-1,N,46.6,32,,N,27.489,2020,Elantra GT,Regular,2.0,0.0,0.0,4.0,327,0.0,false,Front-Wheel Drive,0.0,0,Hyundai,32.2893,0,0,0.0,6,0.0,Elantra,0,11.018888888888888,2000,0,6,327.0,0.0,0.0,0.0,0.0,0.0,0.0,Regular Gasoline,0,41559,Automatic (S6),0.0,-500,0,31.6,Large Cars,2019-07-08,24.508,0.0,2019-07-24,0.0,0.0,27,SIDI,0.0,0.0,0,97,38,25,0,0.0,,,,
0,0.0,0.0,0,0.0,HYX,28,16,0.0,-1,N,56.1,38,,Y,31.7911,2020,Sonata,Regular,2.5,0.0,0.0,4.0,282,0.0,false,Front-Wheel Drive,0.0,0,Hyundai,38.0722,0,0,0.0,7,0.0,Sonata,0,9.2971875,1700,105,7,282.0,0.0,0.0,0.0,0.0,0.0,0.0,Regular Gasoline,0,42245,Automatic (S8),0.0,1000,0,36.7,Large Cars,2019-11-05,28.0101,0.0,2020-03-24,0.0,0.0,32,SIDI & PFI; Stop-Start,0.0,0.0,0,0,55,0,0,0.0,,,,
0,0.0,0.0,0,0.0,HYX,27,16,0.0,-1,Y,55.0,36,T,N,30.586,2020,Sonata,Regular,1.6,0.0,0.0,4.0,291,0.0,false,Front-Wheel Drive,0.0,0,Hyundai,35.5127,0,0,0.0,7,0.0,Sonata,0,9.597096774193549,1750,105,7,291.0,0.0,0.0,0.0,0.0,0.0,0.0,Regular Gasoline,0,42246,Automatic (S8),0.0,750,0,35.9,Large Cars,2019-11-05,27.4682,0.0,2020-03-24,0.0,0.0,31,SIDI,0.0,0.0,0,0,56,0,0,0.0,,,,
0,0.0,0.0,0,0.0,HYX,25,0,0.0,-1,Y,43.3319,30,,N,27.4128,2021,Kona AWD,Regular,2.0,0.0,0.0,4.0,326,0.0,false,All-Wheel Drive,0.0,0,Hyundai,30.2434,0,0,0.0,6,0.0,Kona,0,11.018888888888888,2000,0,6,326.0,0.0,0.0,0.0,0.0,0.0,0.0,Regular Gasoline,0,42602,Automatic (S6),0.0,-500,0,32.9745,Small Sport Utility Vehicle 4WD,2020-05-05,25.463,0.0,2020-09-24,0.0,0.0,27,,0.0,0.0,0,0,12,0,0,0.0,,,,
0,0.0,0.0,0,0.0,HYX,31,14,0.0,-1,N,60.8764,41,,N,34.601,2021,Elantra,Regular,2.0,0.0,0.0,4.0,257,0.0,false,Front-Wheel Drive,0.0,0,Hyundai,40.8087,0,0,0.0,7,0.0,Elantra,0,8.500285714285715,1550,99,7,257.0,0.0,0.0,0.0,0.0,0.0,0.0,Regular Gasoline,0,43046,Automatic (AV-S1),0.0,1750,0,39.1622,Midsize Cars,2020-09-03,30.7712,0.0,2021-04-26,0.0,0.0,35,,0.0,0.0,0,0,45,0,0,0.0,,,,
0,0.0,0.0,0,0.0,HYX,36,0,0.0,-1,N,45.0,31,T,Y,33.9461,2021,Santa Fe Hybrid Blue,Regular,1.6,0.0,0.0,4.0,264,0.0,false,All-Wheel Drive,0.0,0,Hyundai,31.4672,0,0,0.0,7,0.0,Santa Fe,0,8.750294117647059,1600,0,7,264.0,0.0,0.0,0.0,0.0,0.0,0.0,Regular Gasoline,0,43653,Automatic (AM-S6),0.0,1500,0,48.0,Small Sport Utility Vehicle 4WD,2021-01-12,36.2848,0.0,2021-08-24,0.0,0.0,34,SIDI; Hybrid,0.0,0.0,0,0,59,0,0,0.0,Hybrid,270V Li-Ion,,
0,0.0,0.0,0,0.0,HYX,22,0,0.0,-1,Y,40.1,25,,Y,23.5027,2022,Santa Fe AWD,Regular,2.5,0.0,0.0,4.0,378,0.0,false,All-Wheel Drive,0.0,0,Hyundai,25.2363,0,0,0.0,5,0.0,Santa Fe,0,12.39625,2250,0,5,378.0,0.0,0.0,0.0,0.0,0.0,0.0,Regular Gasoline,0,43991,Automatic (S8),0.0,-1750,0,28.4,Small Sport Utility Vehicle 4WD,2021-06-02,22.2521,0.0,2021-12-10,0.0,0.0,24,SIDI & PFI,0.0,0.0,0,0,26,0,0,0.0,,,,
0,0.0,0.0,0,0.0,HYX,33,0,0.0,-1,N,42.5,30,T,Y,31.621,2022,Santa Fe Hybrid,Regular,1.6,0.0,0.0,4.0,283,0.0,false,All-Wheel Drive,0.0,0,Hyundai,29.8515,0,0,0.0,7,0.0,Santa Fe,0,9.2971875,1700,0,7,283.0,0.0,0.0,0.0,0.0,0.0,0.0,Regular Gasoline,0,43993,Automatic (AM-S6),0.0,1000,0,44.0,Small Sport Utility Vehicle 4WD,2021-06-02,33.2328,0.0,2021-12-10,0.0,0.0,32,SIDI; Hybrid,0.0,0.0,0,0,32,0,0,0.0,Hybrid,270V Li-Ion,,
0,0.0,0.0,0,0.0,HYX,53,14,0.0,-1,N,72.3,56,,Y,53.9657,2023,Elantra Hybrid Blue,Regular,1.6,0.0,0.0,4.0,165,0.0,false,Front-Wheel Drive,0.0,0,Hyundai,55.5898,0,0,0.0,9,0.0,Elantra,0,5.509444444444444,1000,99,9,165.0,0.0,0.0,0.0,0.0,0.0,0.0,Regular Gasoline,0,45298,Automatic (AM-S6),0.0,4500,0,72.8,Midsize Cars,2022-05-03,52.7058,0.0,2023-04-11,0.0,0.0,54,SIDI; Hybrid,0.0,0.0,0,0,28,0,0,0.0,Hybrid,240V Li-Ion,,
0,0.0,0.0,0,0.0,HYX,44,16,0.0,-1,N,67.0,51,,Y,47.1862,2024,Sonata Hybrid,Regular,2.0,0.0,0.0,4.0,188,0.0,false,Front-Wheel Drive,0.0,0,Hyundai,51.0857,0,0,0.0,8,0.0,Sonata,0,6.330000000000001,1150,104,8,188.0,0.0,0.0,0.0,0.0,0.0,0.0,Regular Gasoline,0,47583,Automatic (AM-S6),0.0,3750,0,56.3,Large Cars,2024-02-21,44.4124,0.0,2024-04-16,0.0,0.0,47,SIDI; Hybrid,0.0,0.0,0,0,42,0,0,0.0,Hybrid,270V Li-Ion,,
0,0.0,0.0,0,0.0,HYX,25,0,0.0,-1,N,45.8812,32,,Y,27.612,2024,Tucson FWD,Regular,2.5,0.0,0.0,4.0,323,0.0,false,Front-Wheel Drive,0.0,0,Hyundai,31.8419,0,0,0.0,6,0.0,Tucson,0,10.625357142857142,1900,0,6,323.0,0.0,0.0,0.0,0.0,0.0,0.0,Regular Gasoline,0,46698,Automatic (S8),0.0,0,0,32.1702,Small Sport Utility Vehicle 2WD,2023-06-23,24.9052,0.0,2023-09-07,0.0,0.0,28,SIDI & PFI,0.0,0.0,0,0,58,0,0,0.0,,,,
354,0.0,0.0,0,0.0,HYX,59,0,0.0,-1,N,78.438,54,,N,57.0,2023,Nexo,Hydrogen,,0.0,53.0,,0,0.0,false,Front-Wheel Drive,0.0,0,Hyundai,54.0,0,0,0.0,10,56.0,Nexo,0,1.5204,0,0,9,0.0,0.0,0.0,0.0,0.0,0.0,0.0,Hydrogen,0,47281,Automatic (A1),0.0,9500,0,86.394,Small Sport Utility Vehicle 2WD,2023-10-19,59.0,0.0,2023-10-19,0.0,58.0,57,PEM,0.0,0.0,0,101,55,30,0,0.0,FCV,120 kW IPMSM,,
0,0.0,0.0,0,0.0,HYX,23,0,0.0,-1,N,42.9,28,,N,24.848,2021,Tucson FWD,Regular,2.0,0.0,0.0,4.0,361,0.0,false,Front-Wheel Drive,0.0,0,Hyundai,28.0053,0,0,0.0,5,0.0,Tucson,0,11.900400000000001,2150,0,5,361.0,0.0,0.0,0.0,0.0,0.0,0.0,Regular Gasoline,0,42663,Automatic (S6),0.0,-1250,0,29.1,Small Sport Utility Vehicle 2WD,2020-06-02,22.7495,0.0,2020-09-24,0.0,0.0,25,SIDI,0.0,0.0,0,0,17,0,0,0.0,,,,
0,0.0,0.0,0,0.0,HYX,45,16,0.0,-1,N,67.3,51,,Y,47.2269,2022,Sonata Hybrid,Regular,2.0,0.0,0.0,4.0,189,0.0,false,Front-Wheel Drive,0.0,0,Hyundai,50.8517,0,0,0.0,9,0.0,Sonata,0,6.330000000000001,1150,105,9,189.0,0.0,0.0,0.0,0.0,0.0,0.0,Regular Gasoline,0,43956,Automatic (AM-S6),0.0,3750,0,58.5,Large Cars,2021-05-18,44.6244,0.0,2021-12-10,0.0,0.0,47,SIDI; Hybrid,0.0,0.0,0,0,30,0,0,0.0,Hybrid,270V Li-Ion,,
0,0.0,0.0,0,0.0,HYX,23,16,0.0,-1,N,44.6338,33,T,N,26.7248,2022,Sonata,Regular,2.5,0.0,0.0,4.0,335,0.0,false,Front-Wheel Drive,0.0,0,Hyundai,32.5707,0,0,0.0,6,0.0,Sonata,0,11.018888888888888,2000,105,6,335.0,0.0,0.0,0.0,0.0,0.0,0.0,Regular Gasoline,0,43978,Automatic (AM-S8),0.0,-500,0,28.9354,Large Cars,2021-06-02,23.3028,0.0,2021-08-24,0.0,0.0,27,SIDI & PFI,0.0,0.0,0,0,39,0,0,0.0,,,,
303,0.0,0.0,0,0.0,HYX,132,27,253.5,-1,Y,141.3,98,,N,114.0,2022,Ioniq 5 RWD (Long Range),Electricity,,0.0,34.0764,,0,8.5,false,Rear-Wheel Drive,0.0,0,Hyundai,98.0,0,0,0.0,10,30.0,Ioniq 5,0,0.072,700,106,10,0.0,0.0,0.0,0.0,0.0,0.0,0.0,Electricity,0,44923,Automatic (A1),0.0,6000,0,191.4,Large Cars,2021-12-02,132.0,0.0,2022-04-11,343.5,25.1567,114,,0.0,0.0,0,0,68,0,0,0.0,EV,168 kW PMSM,,
0,0.0,0.0,0,0.0,HYX,19,0,0.0,-1,Y,34.3,24,,N,21.1618,2020,Palisade AWD,Regular,3.8,0.0,0.0,6.0,426,0.0,false,All-Wheel Drive,0.0,0,Hyundai,24.431,0,0,0.0,4,0.0,Palisade,0,14.167142857142858,2550,0,4,426.0,0.0,0.0,0.0,0.0,0.0,0.0,Regular Gasoline,0,41290,Automatic (S8),0.0,-3250,0,24.0,Standard Sport Utility Vehicle 4WD,2019-03-18,19.0736,0.0,2019-07-24,0.0,0.0,21,SIDI,0.0,0.0,0,0,8,0,0,0.0,,,,
0,0.0,0.0,0,0.0,HYX,22,20,0.0,-1,N,38.5167,29,T,N,24.7112,2020,Veloster N,Premium,2.0,0.0,0.0,4.0,363,0.0,false,Front-Wheel Drive,0.0,0,Hyundai,28.5164,0,0,0.0,5,0.0,Veloster,0,11.900400000000001,2700,90,5,363.0,0.0,0.0,0.0,0.0,0.0,0.0,Premium Gasoline,0,41385,Manual 6-spd,0.0,-4000,0,27.3779,Compact Cars,2019-04-16,22.2788,0.0,2021-04-26,0.0,0.0,25,SIDI,0.0,0.0,0,0,18,0,0,0.0,,,,
0,0.0,0.0,0,0.0,HYX,45,16,0.0,-1,N,67.3,51,,Y,47.2269,2020,Sonata Hybrid,Regular,2.0,0.0,0.0,4.0,189,0.0,false,Front-Wheel Drive,0.0,0,Hyundai,50.8517,0,0,0.0,10,0.0,Sonata,0,6.330000000000001,1150,105,10,189.0,0.0,0.0,0.0,0.0,0.0,0.0,Regular Gasoline,0,42475,Automatic (AM-S6),0.0,3750,0,58.5,Large Cars,2020-02-11,44.6244,0.0,2020-07-10,0.0,0.0,47,SIDI; Hybrid,0.0,0.0,0,0,57,0,0,0.0,Hybrid,270V Li-Ion,,
0,0.0,0.0,0,0.0,HYX,23,16,0.0,-1,N,44.6338,33,T,N,26.7248,2021,Sonata,Regular,2.5,0.0,0.0,4.0,335,0.0,false,Front-Wheel Drive,0.0,0,Hyundai,32.5707,0,0,0.0,6,0.0,Sonata,0,11.018888888888888,2000,105,6,335.0,0.0,0.0,0.0,0.0,0.0,0.0,Regular Gasoline,0,43456,Automatic (AM-S8),0.0,-500,0,28.9354,Large Cars,2020-11-10,23.3028,0.0,2021-04-26,0.0,0.0,27,SIDI & PFI,0.0,0.0,0,0,53,0,0,0.0,,,,
0,0.0,0.0,0,0.0,HYX,28,16,0.0,-1,N,56.1,38,,Y,31.7911,2022,Sonata,Regular,2.5,0.0,0.0,4.0,282,0.0,false,Front-Wheel Drive,0.0,0,Hyundai,38.0722,0,0,0.0,7,0.0,Sonata,0,9.2971875,1700,105,7,282.0,0.0,0.0,0.0,0.0,0.0,0.0,Regular Gasoline,0,43977,Automatic (S8),0.0,1000,0,36.7,Large Cars,2021-06-02,28.0101,0.0,2021-08-24,0.0,0.0,32,SIDI & PFI; Stop-Start,0.0,0.0,0,0,38,0,0,0.0,,,,
0,0.0,0.0,0,0.0,HYX,21,0,0.0,-1,Y,39.3,28,T,Y,23.8775,2022,Santa Fe AWD,Regular,2.5,0.0,0.0,4.0,375,0.0,false,All-Wheel Drive,0.0,0,Hyundai,27.6779,0,0,0.0,5,0.0,Santa Fe,0,12.39625,2250,0,5,375.0,0.0,0.0,0.0,0.0,0.0,0.0,Regular Gasoline,0,43992,Automatic (AM-S8),0.0,-1750,0,27.3,Small Sport Utility Vehicle 4WD,2021-06-02,21.4659,0.0,2021-12-10,0.0,0.0,24,SIDI & PFI,0.0,0.0,0,0,28,0,0,0.0,,,,
0,0.0,0.0,0,0.0,HYX,29,0,0.0,-1,N,50.4,35,T,Y,31.5569,2023,Kona FWD,Regular,1.6,0.0,0.0,4.0,284,0.0,false,Front-Wheel Drive,0.0,0,Hyundai,34.6314,0,0,0.0,6,0.0,Kona,0,9.2971875,1700,0,6,284.0,0.0,0.0,0.0,0.0,0.0,0.0,Regular Gasoline,0,45375,Automatic (AM-S7),0.0,1000,0,38.8,Small Sport Utility Vehicle 2WD,2022-06-02,29.42,0.0,2023-04-11,0.0,0.0,32,SIDI,0.0,0.0,0,0,30,0,0,0.0,,,,
0,0.0,0.0,0,0.0,HYX,27,16,0.0,-1,N,54.0,37,,N,30.5776,2023,Sonata,Regular,2.5,0.0,0.0,4.0,293,0.0,false,Front-Wheel Drive,0.0,0,Hyundai,36.8145,0,0,0.0,6,0.0,Sonata,0,9.597096774193549,1750,105,6,293.0,0.0,0.0,0.0,0.0,0.0,0.0,Regular Gasoline,0,45419,Automatic (S8),0.0,750,0,35.0,Large Cars,2022-06-16,26.8552,0.0,2023-04-11,0.0,0.0,31,SIDI & PFI,0.0,0.0,0,0,39,0,0,0.0,,,,
0,0.0,0.0,0,0.0,HYX,22,14,0.0,-1,N,42.1,31,T,N,24.981,2023,Elantra N,Premium,2.0,0.0,0.0,4.0,358,0.0,false,Front-Wheel Drive,0.0,0,Hyundai,30.7233,0,0,0.0,5,0.0,Elantra,0,11.900400000000001,2700,99,5,358.0,0.0,0.0,0.0,0.0,0.0,0.0,Premium Gasoline,0,45934,Manual 6-spd,0.0,-4000,0,26.4,Midsize Cars,2022-10-03,21.6676,0.0,2023-04-11,0.0,0.0,25,SIDI,0.0,0.0,0,0,66,0,0,0.0,,,,
0,0.0,0.0,0,0.0,HYX,28,14,0.0,-1,N,51.8,35,T,N,30.8425,2024,Elantra,Regular,1.6,0.0,0.0,4.0,288,0.0,false,Front-Wheel Drive,0.0,0,Hyundai,34.6139,0,0,0.0,6,0.0,Elantra,0,9.597096774193549,1750,99,6,288.0,0.0,0.0,0.0,0.0,0.0,0.0,Regular Gasoline,0,47570,Automatic (AM-S7),0.0,750,0,35.3,Midsize Cars,2024-02-21,28.3181,0.0,2024-04-16,0.0,0.0,31,SIDI,0.0,0.0,0,0,26,0,0,0.0,,,,
0,0.0,0.0,0,0.0,HYX,27,16,0.0,-1,N,54.0,37,,N,30.5776,2020,Sonata,Regular,2.5,0.0,0.0,4.0,293,0.0,false,Front-Wheel Drive,0.0,0,Hyundai,36.8145,0,0,0.0,7,0.0,Sonata,0,9.597096774193549,1750,105,7,293.0,0.0,0.0,0.0,0.0,0.0,0.0,Regular Gasoline,0,42244,Automatic (S8),0.0,750,0,35.0,Large Cars,2019-11-05,26.8552,0.0,2020-03-24,0.0,0.0,31,SIDI & PFI,0.0,0.0,0,0,54,0,0,0.0,,,,
0,0.0,0.0,0,0.0,HYX,33,14,0.0,-1,N,63.3584,42,,Y,36.53,2023,Elantra,Regular,2.0,0.0,0.0,4.0,245,0.0,false,Front-Wheel Drive,0.0,0,Hyundai,42.3327,0,0,0.0,7,0.0,Elantra,0,8.040810810810811,1450,99,7,245.0,0.0,0.0,0.0,0.0,0.0,0.0,Regular Gasoline,0,45295,Automatic (AV-S1),0.0,2250,0,44.02,Midsize Cars,2022-05-03,32.8462,0.0,2023-04-11,0.0,0.0,37,Stop-Start,0.0,0.0,0,0,25,0,0,0.0,,,,
0,0.0,0.0,0,0.0,HYX,19,18,0.0,-1,N,37.3628,26,,Y,21.9456,2024,Palisade FWD,Regular,3.8,0.0,0.0,6.0,404,0.0,false,Front-Wheel Drive,0.0,0,Hyundai,26.4286,0,0,0.0,5,0.0,Palisade,0,13.52318181818182,2450,155,5,404.0,0.0,0.0,0.0,0.0,0.0,0.0,Regular Gasoline,0,46695,Automatic (S8),0.0,-2750,0,24.2698,Small Sport Utility Vehicle 2WD,2023-06-23,19.2711,0.0,2023-09-07,0.0,0.0,22,SIDI,0.0,0.0,0,0,20,0,0,0.0,,,,
0,0.0,0.0,0,0.0,HYX,26,20,0.0,-1,N,47.2,33,T,N,28.9551,2021,Veloster,Regular,1.6,0.0,0.0,4.0,308,0.0,false,Front-Wheel Drive,0.0,0,Hyundai,33.2918,0,0,0.0,6,0.0,Veloster,0,10.25896551724138,1850,90,6,308.0,0.0,0.0,0.0,0.0,0.0,0.0,Regular Gasoline,0,42541,Manual 6-spd,0.0,250,0,32.1,Compact Cars,2020-04-02,26.1663,0.0,2020-08-24,0.0,0.0,29,SIDI,0.0,0.0,0,0,9,0,0,0.0,,,,
0,0.0,0.0,0,0.0,HYX,27,0,0.0,-1,N,48.4777,33,,N,29.8299,2021,Kona FWD,Regular,2.0,0.0,0.0,4.0,300,0.0,false,Front-Wheel Drive,0.0,0,Hyundai,33.4515,0,0,0.0,6,0.0,Kona,0,9.917,1800,0,6,300.0,0.0,0.0,0.0,0.0,0.0,0.0,Regular Gasoline,0,42594,Automatic (S6),0.0,500,0,35.8034,Small Sport Utility Vehicle 2WD,2020-05-05,27.4026,0.0,2020-09-24,0.0,0.0,30,,0.0,0.0,0,0,13,0,0,0.0,,,,
0,0.0,0.0,0,0.0,HYX,30,19,0.0,-1,N,50.2883,33,,N,31.1657,2021,Venue,Regular,1.6,0.0,0.0,4.0,287,0.0,false,Front-Wheel Drive,0.0,0,Hyundai,33.4092,0,0,0.0,7,0.0,Venue,0,9.597096774193549,1750,92,7,287.0,0.0,0.0,0.0,0.0,0.0,0.0,Regular Gasoline,0,42662,Automatic (AV-S1),0.0,750,0,37.9405,Midsize Cars,2020-06-02,29.5425,0.0,2021-04-26,0.0,0.0,31,,0.0,0.0,0,0,24,0,0,0.0,,,,
0,0.0,0.0,0,0.0,HYX,27,0,0.0,-1,N,45.7486,32,T,Y,28.8601,2022,Kona AWD,Regular,1.6,0.0,0.0,4.0,311,0.0,false,All-Wheel Drive,0.0,0,Hyundai,31.7592,0,0,0.0,6,0.0,Kona,0,10.25896551724138,1850,0,6,311.0,0.0,0.0,0.0,0.0,0.0,0.0,Regular Gasoline,0,43765,Automatic (AM-S7),0.0,250,0,34.9989,Small Sport Utility Vehicle 4WD,2021-03-11,26.8545,0.0,2021-08-24,0.0,0.0,29,,0.0,0.0,0,0,12,0,0,0.0,,,,
0,0.0,0.0,0,0.0,HYX,28,0,0.0,-1,N,47.3873,33,,Y,29.7615,2023,Kona AWD,Regular,2.0,0.0,0.0,4.0,301,0.0,false,All-Wheel Drive,0.0,0,Hyundai,32.7778,0,0,0.0,6,0.0,Kona,0,9.917,1800,0,6,301.0,0.0,0.0,0.0,0.0,0.0,0.0,Regular Gasoline,0,45325,Automatic (AV-S1),0.0,500,0,36.2087,Small Sport Utility Vehicle 4WD,2022-05-17,27.6776,0.0,2023-04-11,0.0,0.0,30,,0.0,0.0,0,0,31,0,0,0.0,,,,
0,0.0,0.0,0,0.0,HYX,27,16,0.0,-1,N,53.6804,37,T,N,30.5065,2023,Sonata,Regular,1.6,0.0,0.0,4.0,293,0.0,false,Front-Wheel Drive,0.0,0,Hyundai,36.6221,0,0,0.0,6,0.0,Sonata,0,9.597096774193549,1750,105,6,293.0,0.0,0.0,0.0,0.0,0.0,0.0,Regular Gasoline,0,45418,Automatic (S8),0.0,750,0,34.9769,Large Cars,2022-06-16,26.8394,0.0,2023-04-11,0.0,0.0,31,SIDI,0.0,0.0,0,0,38,0,0,0.0,,,,
0,0.613,0.0,0,3.914605263157895,HYX,33,0,0.0,-1,N,43.7,32,T,Y,32.7897,2023,Santa Fe Plug-in Hybrid,Regular Gas and Electricity,1.6,0.572,47.0,4.0,111,3.4,true,All-Wheel Drive,71.8737,72,Hyundai,32.163,49,0,113.3,10,44.0,Santa Fe,51,3.7725972525,1650,0,8,111.0,79.4117,0.0,75.8328,32.67,0.0,0.0,Regular Gasoline,0,46250,Automatic (AM-S6),0.0,3250,79,45.8,Small Sport Utility Vehicle 4WD,2022-12-05,33.3209,0.595,2023-05-17,0.0,42.0,33,,102.7,28.7,47,0,67,0,76,0.0,Plug-in Hybrid,67 kW AC PMSM,Electricity,31
0,0.0,0.0,0,0.0,HYX,20,20,0.0,-1,N,36.6469,27,T,N,22.4271,2021,Veloster N,Premium,2.0,0.0,0.0,4.0,400,0.0,false,Front-Wheel Drive,0.0,0,Hyundai,27.2801,0,0,0.0,4,0.0,Veloster,0,13.52318181818182,3050,90,4,400.0,0.0,0.0,0.0,0.0,0.0,0.0,Premium Gasoline,0,42927,Automatic (AM-S8),0.0,-5750,0,23.7006,Compact Cars,2020-08-24,19.5776,0.0,2021-04-26,0.0,0.0,22,SIDI,0.0,0.0,0,0,43,0,0,0.0,,,,
0,0.0,0.0,0,0.0,HYX,25,14,0.0,-1,N,48.8,34,T,N,28.1689,2022,Elantra,Regular,1.6,0.0,0.0,4.0,318,0.0,false,Front-Wheel Drive,0.0,0,Hyundai,33.65,0,0,0.0,6,0.0,Elantra,0,10.625357142857142,1900,99,6,318.0,0.0,0.0,0.0,0.0,0.0,0.0,Regular Gasoline,0,43972,Manual 6-spd,0.0,0,0,32.1,Midsize Cars,2021-06-02,24.8563,0.0,2021-12-10,0.0,0.0,28,SIDI,0.0,0.0,0,0,43,0,0,0.0,,,,
0,0.0,0.0,0,0.0,HYX,49,14,0.0,-1,N,67.4,52,,Y,50.4802,2022,Elantra Hybrid,Regular,1.6,0.0,0.0,4.0,177,0.0,false,Front-Wheel Drive,0.0,0,Hyundai,52.0663,0,0,0.0,9,0.0,Elantra,0,5.950200000000001,1050,99,9,177.0,0.0,0.0,0.0,0.0,0.0,0.0,Regular Gasoline,0,44057,Automatic (AM-S6),0.0,4250,0,68.3,Midsize Cars,2021-06-16,49.2526,0.0,2021-12-10,0.0,0.0,50,SIDI; Hybrid,0.0,0.0,0,0,44,0,0,0.0,Hybrid,240V Li-Ion,,
0,0.584,0.0,0,2.5000840336134456,HYX,52,0,0.0,-1,Y,72.4,51,,Y,52.0091,2022,Ioniq Plug-in Hybrid,Regular Gas and Electricity,1.6,0.563,28.0,4.0,74,2.25,true,Front-Wheel Drive,115.1485,115,Hyundai,51.4965,76,0,175.9,10,28.0,Ioniq,78,2.4948173188235296,1050,0,10,74.0,123.1224,0.0,119.4016,29.86,0.0,0.0,Regular Gasoline,0,44160,Automatic (AM-S6),0.0,5500,123,72.3,Midsize Cars,2021-07-06,52.4362,0.575,2023-05-17,0.0,28.0,52,SIDI; PHEV,164.5,27.95,74,96,56,23,119,0.0,Plug-in Hybrid,45 kW IPMSM,Electricity,29
0,0.0,0.0,0,0.0,HYX,19,0,0.0,-1,Y,38.5199,27,T,N,22.2589,2023,Santa Cruz AWD,Regular,2.5,0.0,0.0,4.0,402,0.0,false,All-Wheel Drive,0.0,0,Hyundai,27.1761,0,0,0.0,5,0.0,Santa Cruz,0,13.52318181818182,2450,0,5,402.0,0.0,0.0,0.0,0.0,0.0,0.0,Regular Gasoline,0,45553,Automatic (AM-S8),0.0,-2750,0,24.4305,Small Sport Utility Vehicle 4WD,2022-07-13,19.3886,0.0,2023-04-11,0.0,0.0,22,SIDI & PFI,0.0,0.0,0,0,46,0,0,0.0,,,,
316,0.0,0.0,0,0.0,HYX,130,11,0.0,-1,N,162.6,111,,N,121.0,2023,Ioniq 6 Long range AWD (18 inch Wheels),Electricity,,0.0,29.6125,,0,7.5,false,All-Wheel Drive,0.0,0,Hyundai,111.0,0,0,0.0,10,28.0,Ioniq 6,0,0.0672,650,105,10,0.0,0.0,0.0,0.0,0.0,0.0,0.0,Electricity,0,46620,Automatic (A1),0.0,6250,0,190.5,Midsize Cars,2023-05-17,130.0,0.0,2023-05-17,0.0,26.0,121,,0.0,0.0,0,0,62,0,0,0.0,EV,74 and 165 kW PMSM,,
0,0.0,0.0,0,0.0,HYX,28,20,0.0,-1,N,49.5,34,T,N,30.2742,2020,Veloster,Regular,1.6,0.0,0.0,4.0,296,0.0,false,Front-Wheel Drive,0.0,0,Hyundai,34.0802,0,0,0.0,7,0.0,Veloster,0,9.917,1800,90,7,296.0,0.0,0.0,0.0,0.0,0.0,0.0,Regular Gasoline,0,41383,Automatic (AM7),0.0,500,0,36.3,Compact Cars,2019-04-16,27.7395,0.0,2019-09-10,0.0,0.0,30,SIDI,0.0,0.0,0,0,16,0,0,0.0,,,,
0,0.0,0.0,0,0.0,HYX,27,16,0.0,-1,Y,53.7678,37,T,N,30.4792,2021,Sonata,Regular,1.6,0.0,0.0,4.0,293,0.0,false,Front-Wheel Drive,0.0,0,Hyundai,36.6747,0,0,0.0,6,0.0,Sonata,0,9.917,1800,105,6,293.0,0.0,0.0,0.0,0.0,0.0,0.0,Regular Gasoline,0,42790,Automatic (S8),0.0,500,0,34.8871,Large Cars,2020-07-02,26.7781,0.0,2020-09-24,0.0,0.0,30,SIDI,0.0,0.0,0,0,37,0,0,0.0,,,,
0,0.0,0.0,0,0.0,HYX,22,20,0.0,-1,N,38.4,28,T,N,24.6557,2021,Veloster N,Premium,2.0,0.0,0.0,4.0,363,0.0,false,Front-Wheel Drive,0.0,0,Hyundai,28.4246,0,0,0.0,5,0.0,Veloster,0,11.900400000000001,2700,90,5,363.0,0.0,0.0,0.0,0.0,0.0,0.0,Premium Gasoline,0,42928,Manual 6-spd,0.0,-4000,0,27.3,Compact Cars,2020-08-24,22.2427,0.0,2021-04-26,0.0,0.0,25,SIDI,0.0,0.0,0,0,44,0,0,0.0,,,,
0,0.0,0.0,0,0.0,HYX,22,0,0.0,-1,N,42.1437,28,,N,24.6593,2021,Tucson FWD,Regular,2.4,0.0,0.0,4.0,363,0.0,false,Front-Wheel Drive,0.0,0,Hyundai,28.1342,0,0,0.0,5,0.0,Tucson,0,11.900400000000001,2150,0,5,363.0,0.0,0.0,0.0,0.0,0.0,0.0,Regular Gasoline,0,43646,Automatic (S6),0.0,-1250,0,28.6022,Small Sport Utility Vehicle 2WD,2021-01-12,22.396,0.0,2021-02-02,0.0,0.0,25,SIDI,0.0,0.0,0,0,19,0,0,0.0,,,,
258,0.0,0.0,0,0.0,HYX,132,0,0.0,-1,Y,155.5,108,,N,120.0,2021,Kona Electric,Electricity,,0.0,31.0,,0,9.0,false,Front-Wheel Drive,0.0,0,Hyundai,108.0,0,0,0.0,10,27.0,Kona,0,0.0648,600,0,10,0.0,0.0,0.0,0.0,0.0,0.0,0.0,Electricity,0,43747,Automatic (A1),0.0,6500,0,195.5,Small Sport Utility Vehicle 2WD,2021-02-24,132.0,0.0,2022-02-02,0.0,25.0,120,,0.0,0.0,0,0,26,0,0,0.0,EV,150 kW AC PMSM,,
0,0.0,0.0,0,0.0,HYX,28,0,0.0,-1,Y,47.3936,33,,Y,29.7602,2022,Kona AWD,Regular,2.0,0.0,0.0,4.0,301,0.0,false,All-Wheel Drive,0.0,0,Hyundai,32.7817,0,0,0.0,6,0.0,Kona,0,9.917,1800,0,6,301.0,0.0,0.0,0.0,0.0,0.0,0.0,Regular Gasoline,0,43766,Automatic (AV-S1),0.0,500,0,36.2024,Small Sport Utility Vehicle 4WD,2021-03-11,27.6734,0.0,2021-08-24,0.0,0.0,30,,0.0,0.0,0,0,14,0,0,0.0,,,,
0,0.0,0.0,0,0.0,HYX,22,14,0.0,-1,N,42.1,31,T,N,24.981,2022,Elantra N,Premium,2.0,0.0,0.0,4.0,358,0.0,false,Front-Wheel Drive,0.0,0,Hyundai,30.7233,0,0,0.0,5,0.0,Elantra,0,11.900400000000001,2700,99,5,358.0,0.0,0.0,0.0,0.0,0.0,0.0,Premium Gasoline,0,44471,Manual 6-spd,0.0,-4000,0,26.4,Midsize Cars,2021-09-14,21.6676,0.0,2021-12-10,0.0,0.0,25,SIDI,0.0,0.0,0,0,66,0,0,0.0,,,,
260,0.0,0.0,0,0.0,HYX,110,0,0.0,-1,Y,126.4,88,,N,99.0723,2024,Ioniq 5 Long range AWD,Electricity,,0.0,38.0934,,0,8.5,false,All-Wheel Drive,0.0,0,Hyundai,88.48,0,0,0.0,10,34.0206,Ioniq 5,0,0.08159999999999999,750,0,10,0.0,0.0,0.0,0.0,0.0,0.0,0.0,Electricity,0,46962,Automatic (A1),0.0,5750,0,156.9,Small Sport Utility Vehicle 4WD,2023-07-31,109.83,0.0,2023-07-31,0.0,30.6883,99,,0.0,0.0,0,0,33,0,0,0.0,EV,165 kW PMSM,,
0,0.0,0.0,0,0.0,HYX,31,14,0.0,-1,N,58.628,40,,N,34.4006,2024,Elantra,Regular,2.0,0.0,0.0,4.0,257,0.0,false,Front-Wheel Drive,0.0,0,Hyundai,40.1839,0,0,0.0,7,0.0,Elantra,0,8.750294117647059,1600,99,7,257.0,0.0,0.0,0.0,0.0,0.0,0.0,Regular Gasoline,0,47074,Automatic (AV-S1),0.0,1500,0,39.441,Midsize Cars,2023-09-19,30.7765,0.0,2024-04-16,0.0,0.0,34,,0.0,0.0,0,0,24,0,0,0.0,,,,
0,0.0,0.0,0,0.0,HYX,19,0,0.0,-1,N,36.4,26,T,Y,21.7643,2024,Santa Fe AWD XRT,Regular,2.5,0.0,0.0,4.0,409,0.0,false,All-Wheel Drive,0.0,0,Hyundai,25.8037,0,0,0.0,5,0.0,Santa Fe,0,13.52318181818182,2450,0,5,409.0,0.0,0.0,0.0,0.0,0.0,0.0,Regular Gasoline,0,47656,Automatic (AM-S8),0.0,-2750,0,24.3,Small Sport Utility Vehicle 4WD,2024-02-21,19.2932,0.0,2024-04-16,0.0,0.0,22,SIDI & PFI,0.0,0.0,0,0,47,0,0,0.0,,,,
0,0.0,0.0,0,0.0,HYX,22,0,0.0,-1,N,41.7,26,,N,23.2561,2024,Santa Cruz FWD,Regular,2.5,0.0,0.0,4.0,381,0.0,false,Front-Wheel Drive,0.0,0,Hyundai,25.5226,0,0,0.0,5,0.0,Santa Cruz,0,12.935217391304349,2350,0,5,381.0,0.0,0.0,0.0,0.0,0.0,0.0,Regular Gasoline,0,46697,Automatic (S8),0.0,-2250,0,27.6,Small Sport Utility Vehicle 2WD,2023-06-23,21.6809,0.0,2024-03-19,0.0,0.0,23,SIDI & PFI,0.0,0.0,0,0,45,0,0,0.0,,,,
0,0.0,0.0,0,0.0,HYX,21,0,0.0,-1,N,37.3,25,,N,22.6462,2024,Santa Cruz AWD,Regular,2.5,0.0,0.0,4.0,390,0.0,false,All-Wheel Drive,0.0,0,Hyundai,24.8627,0,0,0.0,5,0.0,Santa Cruz,0,12.935217391304349,2350,0,5,390.0,0.0,0.0,0.0,0.0,0.0,0.0,Regular Gasoline,0,46719,Automatic (S8),0.0,-2250,0,26.8,Small Sport Utility Vehicle 4WD,2023-06-23,21.1067,0.0,2024-03-19,0.0,0.0,23,SIDI & PFI,0.0,0.0,0,0,44,0,0,0.0,,,,
0,0.0,0.0,0,0.0,HYX,32,14,0.0,-1,N,61.1,41,,Y,35.9189,2024,Elantra,Regular,2.0,0.0,0.0,4.0,246,0.0,false,Front-Wheel Drive,0.0,0,Hyundai,41.3998,0,0,0.0,7,0.0,Elantra,0,8.264166666666668,1500,99,7,246.0,0.0,0.0,0.0,0.0,0.0,0.0,Regular Gasoline,0,47075,Automatic (AV-S1),0.0,2000,0,41.9,Midsize Cars,2023-09-19,32.4084,0.0,2024-04-16,0.0,0.0,36,,0.0,0.0,0,0,25,0,0,0.0,,,,
380,0.0,0.0,0,0.0,HYX,65,0,0.0,-1,N,84.252,58,,N,61.0,2023,Nexo Blue,Hydrogen,,0.0,56.0,,0,0.0,false,Front-Wheel Drive,0.0,0,Hyundai,58.0,0,0,0.0,10,60.0,Nexo,0,1.629,0,0,9,0.0,0.0,0.0,0.0,0.0,0.0,0.0,Hydrogen,0,47282,Automatic (A1),0.0,9500,0,95.37,Small Sport Utility Vehicle 2WD,2023-10-19,65.0,0.0,2023-10-19,0.0,64.0,61,PEM,0.0,0.0,0,101,56,30,0,0.0,FCV,120 kW IPMSM,,
354,0.0,0.0,0,0.0,HYX,59,0,0.0,-1,N,78.438,54,,N,57.0,2021,Nexo,Hydrogen,,0.0,53.0,,0,0.0,false,Front-Wheel Drive,0.0,0,Hyundai,54.0,0,0,0.0,10,56.0,Nexo,0,1.5204,0,0,10,0.0,0.0,0.0,0.0,0.0,0.0,0.0,Hydrogen,0,47540,Automatic (A1),0.0,9500,0,86.394,Small Sport Utility Vehicle 2WD,2022-03-31,59.0,0.0,2022-03-31,0.0,58.0,57,PEM,0.0,0.0,0,101,22,30,0,0.0,FCV,120 kW IPMSM,,
354,0.0,0.0,0,0.0,HYX,59,0,0.0,-1,N,78.438,54,,N,57.0,2022,Nexo,Hydrogen,,0.0,53.0,,0,0.0,false,Front-Wheel Drive,0.0,0,Hyundai,54.0,0,0,0.0,10,56.0,Nexo,0,1.5204,0,0,9,0.0,0.0,0.0,0.0,0.0,0.0,0.0,Hydrogen,0,47544,Automatic (A1),0.0,9500,0,86.394,Small Sport Utility Vehicle 2WD,2022-03-31,59.0,0.0,2022-03-31,0.0,58.0,57,PEM,0.0,0.0,0,101,57,30,0,0.0,FCV,120 kW IPMSM,,
0,0.0,0.0,0,0.0,HYX,28,0,0.0,-1,,53.9,35,,N,30.8156,2025,Kona FWD,Regular,2.0,0.0,0.0,4.0,288,0.0,false,Front-Wheel Drive,0.0,0,Hyundai,34.8579,0,0,0.0,6,0.0,Kona,0,9.597096774193549,1750,0,6,288.0,0.0,0.0,0.0,0.0,0.0,0.0,Regular Gasoline,0,47952,Automatic (AV-S1),0.0,750,0,36.9,Small Sport Utility Vehicle 2WD,2024-05-29,28.1452,0.0,2024-05-29,0.0,0.0,31,,0.0,0.0,0,0,32,0,0,0.0,,,,
0,0.0,0.0,0,0.0,HYX,33,14,0.0,-1,Y,61.0056,41,,N,36.2273,2020,Accent,Regular,1.6,0.0,0.0,4.0,248,0.0,false,Front-Wheel Drive,0.0,0,Hyundai,40.9662,0,0,0.0,8,0.0,Accent,0,8.264166666666668,1500,90,8,248.0,0.0,0.0,0.0,0.0,0.0,0.0,Regular Gasoline,0,41404,Automatic (variable gear ratios),0.0,2000,0,44.4057,Compact Cars,2019-05-02,33.095,0.0,2019-09-10,0.0,0.0,36,,0.0,0.0,0,91,10,22,0,0.0,,,,
0,0.0,0.0,0,0.0,HYX,26,0,0.0,-1,N,42.8,29,T,N,27.473,2020,Kona AWD,Regular,1.6,0.0,0.0,4.0,324,0.0,false,All-Wheel Drive,0.0,0,Hyundai,29.4201,0,0,0.0,6,0.0,Kona,0,11.018888888888888,2000,0,6,324.0,0.0,0.0,0.0,0.0,0.0,0.0,Regular Gasoline,0,41412,Automatic (AM7),0.0,-500,0,33.4,Small Sport Utility Vehicle 4WD,2019-05-02,26.0618,0.0,2019-09-10,0.0,0.0,27,SIDI,0.0,0.0,0,0,24,0,0,0.0,,,,
0,0.0,0.0,0,0.0,HYX,23,0,0.0,-1,N,42.5986,28,,N,25.077,2020,Tucson FWD,Regular,2.0,0.0,0.0,4.0,358,0.0,false,Front-Wheel Drive,0.0,0,Hyundai,27.8847,0,0,0.0,5,0.0,Tucson,0,11.900400000000001,2150,0,5,358.0,0.0,0.0,0.0,0.0,0.0,0.0,Regular Gasoline,0,41439,Automatic (S6),0.0,-1250,0,29.6919,Small Sport Utility Vehicle 2WD,2019-05-28,23.1684,0.0,2019-11-27,0.0,0.0,25,SIDI,0.0,0.0,0,0,35,0,0,0.0,,,,
0,0.0,0.0,0,0.0,HYX,22,0,0.0,-1,Y,35.9,25,,N,23.3296,2020,Tucson AWD,Regular,2.0,0.0,0.0,4.0,385,0.0,false,All-Wheel Drive,0.0,0,Hyundai,25.478,0,0,0.0,5,0.0,Tucson,0,12.935217391304349,2350,0,5,385.0,0.0,0.0,0.0,0.0,0.0,0.0,Regular Gasoline,0,41443,Automatic (S6),0.0,-2250,0,27.8,Small Sport Utility Vehicle 4WD,2019-05-28,21.824,0.0,2019-11-27,0.0,0.0,23,SIDI,0.0,0.0,0,0,34,0,0,0.0,,,,
0,0.0,0.0,0,0.0,HYX,21,0,0.0,-1,N,39.3,28,T,Y,23.8775,2021,Santa Fe AWD,Regular,2.5,0.0,0.0,4.0,375,0.0,false,All-Wheel Drive,0.0,0,Hyundai,27.6779,0,0,0.0,5,0.0,Santa Fe,0,12.39625,2250,0,5,375.0,0.0,0.0,0.0,0.0,0.0,0.0,Regular Gasoline,0,43423,Automatic (AM-S8),0.0,-1750,0,27.3,Small Sport Utility Vehicle 4WD,2020-11-02,21.4659,0.0,2021-04-26,0.0,0.0,24,SIDI & PFI,0.0,0.0,0,0,49,0,0,0.0,,,,
0,0.0,0.0,0,0.0,HYX,58,0,0.0,-1,N,80.1,60,,Y,59.239,2021,Ioniq Blue,Regular,1.6,0.0,0.0,4.0,151,0.0,false,Front-Wheel Drive,0.0,0,Hyundai,60.2067,0,0,0.0,10,0.0,Ioniq,0,5.042542372881356,900,0,10,151.0,0.0,0.0,0.0,0.0,0.0,0.0,Regular Gasoline,0,43571,Automatic (AM-S6),0.0,5000,0,80.8,Large Cars,2020-12-02,58.47,0.0,2021-08-24,0.0,0.0,59,SIDI; Hybrid,0.0,0.0,0,96,56,27,0,0.0,Hybrid,240V Li-Ion,,
0,0.0,0.0,0,0.0,HYX,28,14,0.0,-1,N,51.9,36,T,N,30.9861,2023,Elantra,Regular,1.6,0.0,0.0,4.0,288,0.0,false,Front-Wheel Drive,0.0,0,Hyundai,35.5409,0,0,0.0,6,0.0,Elantra,0,9.597096774193549,1750,99,6,288.0,0.0,0.0,0.0,0.0,0.0,0.0,Regular Gasoline,0,45296,Automatic (AM-S7),0.0,750,0,35.6,Midsize Cars,2022-05-03,28.0454,0.0,2023-04-11,0.0,0.0,31,SIDI,0.0,0.0,0,0,26,0,0,0.0,,,,
0,0.0,0.0,0,0.0,HYX,50,16,0.0,-1,N,73.0889,54,,Y,51.8655,2023,Sonata Hybrid Blue,Regular,2.0,0.0,0.0,4.0,172,0.0,false,Front-Wheel Drive,0.0,0,Hyundai,54.3055,0,0,0.0,9,0.0,Sonata,0,5.721346153846154,1050,105,9,172.0,0.0,0.0,0.0,0.0,0.0,0.0,Regular Gasoline,0,45532,Automatic (AM-S6),0.0,4250,0,64.249,Large Cars,2022-07-13,50.0265,0.0,2023-04-11,0.0,0.0,52,SIDI; Hybrid,0.0,0.0,0,0,43,0,0,0.0,Hybrid,270V Li-Ion,,
